latitude_dd,longitude_dd,latitude,longitude,eventName,hwmTypeName,hwmQualityName,verticalDatumName,verticalMethodName,approvalMember,markerName,horizontalMethodName,horizontalDatumName,flagMemberName,surveyMemberName,site_no,siteDescription,stateName,countyName,sitePermHousing,site_latitude,site_longitude,hwm_id,waterbody,site_id,event_id,hwm_type_id,hwm_quality_id,hwm_locationdescription,survey_date,elev_ft,vdatum_id,vcollect_method_id,bank,approval_id,marker_id,height_above_gnd,hcollect_method_id,hwm_notes,hwm_environment,flag_date,stillwater,hdatum_id,flag_member_id,survey_member_id,hwm_label,files
40.404814,-74.681513,40.404814,-74.681513,2021 Tropical Cyclone Ida,Seed line,Fair: +/- 0.20 ft,NAVD88,Level Gun,Sally Carullo,Stake,Phone/Car GPS,NAD83,Michal Niemoczynski,Michal Niemoczynski,NJSOM31515,"Cherry Hill Road near Princeton, NJ",NJ,Somerset County,No,40.404352,-74.68185,41420,Beden Brook,31515,312,5,3,"Seed line high in tree, used for confirmation of other marks",9/16/2021 4:00,76,2,2,N/A,23905,7,7.3,3,,Riverine,9/10/2021 4:00,0,2,510,510,HWM1,System.Collections.Generic.HashSet`1[STNDB.file]
40.406112,-74.680497,40.406112,-74.680497,2021 Tropical Cyclone Ida,Debris,Fair: +/- 0.20 ft,NAVD88,Level Gun,Michal Niemoczynski,Stake,Phone/Car GPS,NAD83,Michal Niemoczynski,Michal Niemoczynski,NJSOM31515,"Cherry Hill Road near Princeton, NJ",NJ,Somerset County,No,40.404352,-74.68185,41421,Beden Brook,31515,312,2,3,"Debris line in brush, farm access road N of Country Route 518, west of Beden Brook",9/16/2021 4:00,74.3,2,2,N/A,24398,7,0,3,,Riverine,9/10/2021 4:00,0,2,510,510,HWM2,System.Collections.Generic.HashSet`1[STNDB.file]
40.406005,-74.681298,40.406005,-74.681298,2021 Tropical Cyclone Ida,Seed line,Poor: +/- 0.40 ft,NAVD88,Level Gun,Michal Niemoczynski,Stake,Phone/Car GPS,NAD83,Michal Niemoczynski,Michal Niemoczynski,NJSOM31515,"Cherry Hill Road near Princeton, NJ",NJ,Somerset County,No,40.404352,-74.68185,41422,Beden Brook,31515,312,5,4,"Seed line on base of tree, near loose wash line S side of Country Route 518, W of Beden Brook and Cherry Rd",9/16/2021 4:00,75.4,2,2,N/A,24397,7,0.2,3,,Riverine,9/10/2021 4:00,0,2,510,510,HWM3,System.Collections.Generic.HashSet`1[STNDB.file]
40.406102,-74.681067,40.406102,-74.681067,2021 Tropical Cyclone Ida,Other (Note in Description box),Poor: +/- 0.40 ft,NAVD88,Level Gun,Sally Carullo,Stake,Phone/Car GPS,NAD83,Michal Niemoczynski,Michal Niemoczynski,NJSOM31515,"Cherry Hill Road near Princeton, NJ",NJ,Somerset County,No,40.404352,-74.68185,41423,Beden Brook,31515,312,9,4,"Cut line N side of Country Route 518, at Cherry Hill Rd",9/16/2021 4:00,74,2,2,N/A,23909,7,0,3,,Riverine,9/10/2021 4:00,0,2,510,510,HWM4,System.Collections.Generic.HashSet`1[STNDB.file]
40.406123,-74.681138,40.406123,-74.681138,2021 Tropical Cyclone Ida,Other (Note in Description box),Poor: +/- 0.40 ft,NAVD88,Level Gun,Sally Carullo,Stake,Phone/Car GPS,NAD83,Michal Niemoczynski,Michal Niemoczynski,NJSOM31515,"Cherry Hill Road near Princeton, NJ",NJ,Somerset County,No,40.404352,-74.68185,41424,Beden Brook,31515,312,9,4,Stake in cut line near HWM3,9/16/2021 4:00,75.2,2,2,N/A,23910,7,0,3,,Riverine,9/10/2021 4:00,0,2,510,510,HWM5,System.Collections.Generic.HashSet`1[STNDB.file]
40.406026,-74.68045,40.406026,-74.68045,2021 Tropical Cyclone Ida,Debris,Fair: +/- 0.20 ft,NAVD88,Level Gun,Sally Carullo,Stake,Phone/Car GPS,NAD83,Michal Niemoczynski,Michal Niemoczynski,NJSOM31515,"Cherry Hill Road near Princeton, NJ",NJ,Somerset County,No,40.404352,-74.68185,41426,Beden Brook,31515,312,2,3,"Nail and tape in tree, N of Country Route 518, near HWM2.",9/16/2021 4:00,75,2,2,N/A,23908,7,1,3,,Riverine,9/10/2021 4:00,0,2,510,510,HWM6,System.Collections.Generic.HashSet`1[STNDB.file]
40.4066,-74.675513,40.4066,-74.675513,2021 Tropical Cyclone Ida,Seed line,Fair: +/- 0.20 ft,NAVD88,Level Gun,Sally Carullo,Nail and HWM tag,Phone/Car GPS,NAD83,Michal Niemoczynski,Michal Niemoczynski,NJSOM31516,"North side of County Route 518, east of Beden Brook near Princeton, NJ",NJ,Somerset County,No,40.406652,-74.675712,41427,Beden Brook,31516,312,5,3,"Nail and tape in poison ivy on small tree on S side of County Route 518, across from driveway with 3 mailboxes.",9/16/2021 4:00,74.5,2,2,N/A,23902,6,2.8,3,,Riverine,9/10/2021 4:00,0,2,510,510,HWM1,System.Collections.Generic.HashSet`1[STNDB.file]
40.406763,-74.675717,40.406763,-74.675717,2021 Tropical Cyclone Ida,Debris,Fair: +/- 0.20 ft,NAVD88,Level Gun,Sally Carullo,Stake,Phone/Car GPS,NAD83,Michal Niemoczynski,Michal Niemoczynski,NJSOM31516,"North side of County Route 518, east of Beden Brook near Princeton, NJ",NJ,Somerset County,No,40.406652,-74.675712,41428,Beden Brook,31516,312,2,3,"Debris line in low shrubs, N side of County Route 518 streamward side of driveway.",9/16/2021 4:00,74.2,2,2,N/A,23903,7,0,3,,Riverine,9/10/2021 4:00,0,2,510,510,HWM2,System.Collections.Generic.HashSet`1[STNDB.file]
40.407349,-74.676653,40.407349,-74.676653,2021 Tropical Cyclone Ida,Seed line,Good: +/- 0.10 ft,NAVD88,Level Gun,Sally Carullo,Nail and HWM tag,Phone/Car GPS,NAD83,Michal Niemoczynski,Michal Niemoczynski,NJSOM31516,"North side of County Route 518, east of Beden Brook near Princeton, NJ",NJ,Somerset County,No,40.406652,-74.675712,41429,Beden Brook,31516,312,5,2,"Nail in tree with flagging on private property DS right of County Route 518 bridge, near fence",9/16/2021 4:00,73.9,2,2,N/A,23904,6,2.3,3,,Riverine,9/10/2021 4:00,0,2,510,510,HWM3,System.Collections.Generic.HashSet`1[STNDB.file]
40.414561,-74.664437,40.414561,-74.664437,2021 Tropical Cyclone Ida,Seed line,Fair: +/- 0.20 ft,NAVD88,Level Gun,Michal Niemoczynski,Tape,Phone/Car GPS,NAD83,Michal Niemoczynski,Michal Niemoczynski,NJSOM31729,"Opossum Road in Skillman, NJ",NJ,Somerset County,No,40.414561,-74.664437,41431,Beden Brook,31729,312,5,3,Seed line on garage door opening,9/23/2021 4:00,67,2,2,N/A,24399,2,6,3,,Riverine,9/14/2021 4:00,0,2,510,510,HWM1,System.Collections.Generic.HashSet`1[STNDB.file]
40.414561,-74.664437,40.414561,-74.664437,2021 Tropical Cyclone Ida,Seed line,Good: +/- 0.10 ft,NAVD88,Level Gun,Michal Niemoczynski,Tape,Phone/Car GPS,NAD83,Michal Niemoczynski,Michal Niemoczynski,NJSOM31729,"Opossum Road in Skillman, NJ",NJ,Somerset County,No,40.414561,-74.664437,41432,Beden Brook,31729,312,5,2,Seed line on glass door,9/16/2021 4:00,66.8,2,2,N/A,24400,2,,3,,Riverine,9/14/2021 4:00,0,2,510,510,HWM2,System.Collections.Generic.HashSet`1[STNDB.file]
40.985807,-74.090789,40.985807,-74.090789,2021 Tropical Cyclone Ida,Debris,Good: +/- 0.10 ft,NAVD88,Level Gun,Sally Carullo,Other (Note in Description box),Phone/Car GPS,NAD83,Michal Niemoczynski,Michal Niemoczynski,NJBER31731,"Queens Court, Ridgewood, NJ",NJ,Bergen County,No,40.986076,-74.090996,41434,Saddle River,31731,312,2,2,"Debris line on concrete house foundation. Side of house on Queens Court. Mark on private residence, did not apply any permanent marking.",9/21/2021 4:00,84,2,2,N/A,23912,9,2.5,3,HWM1 not included due to poor quality.,Riverine,9/14/2021 4:00,0,2,510,510,HWM2,System.Collections.Generic.HashSet`1[STNDB.file]
40.977334,-74.09135,40.977334,-74.09135,2021 Tropical Cyclone Ida,Other (Note in Description box),Fair: +/- 0.20 ft,NAVD88,Level Gun,Michal Niemoczynski,Stake,Phone/Car GPS,NAD83,Michal Niemoczynski,Michal Niemoczynski,NJBER31733,"Fillmore Court in Paramus, NJ",NJ,Bergen County,No,40.977311,-74.091316,41435,Saddle River,31733,312,9,3,Cut line in mulch at the end of garden bed on  Fillmore Ct property.,9/21/2021 4:00,73.4,2,2,N/A,24401,7,0,3,,Riverine,9/14/2021 4:00,0,2,510,510,HWM1,System.Collections.Generic.HashSet`1[STNDB.file]
40.977418,-74.091684,40.977418,-74.091684,2021 Tropical Cyclone Ida,Debris,Good: +/- 0.10 ft,NAVD88,Level Gun,Michal Niemoczynski,Other (Note in Description box),Phone/Car GPS,NAD83,Michal Niemoczynski,Michal Niemoczynski,NJBER31733,"Fillmore Court in Paramus, NJ",NJ,Bergen County,No,40.977311,-74.091316,41436,Saddle River,31733,312,2,2,Debris line on house fence,9/21/2021 4:00,71.9,2,2,N/A,24402,9,,3,,Riverine,9/14/2021 4:00,0,2,510,510,HWM2,System.Collections.Generic.HashSet`1[STNDB.file]
40.634414,-74.909048,40.634414,-74.909048,2021 Tropical Cyclone Ida,Seed line,Poor: +/- 0.40 ft,NAVD88,Level Gun,Sally Carullo,Nail and HWM tag,Phone/Car GPS,NAD83,Michal Niemoczynski,Michal Niemoczynski,NJHUN31522,"Riverside Drive in Clinton, NJ",NJ,Hunterdon County,No,40.634227,-74.909465,41449,Beaver Brook,31522,312,5,4,Large multi-trunk maple tree north side of Riverside Drive.,9/15/2021 4:00,190,2,2,N/A,23914,6,2,3,,Riverine,9/10/2021 4:00,0,2,510,510,HWM1,System.Collections.Generic.HashSet`1[STNDB.file]
40.634067,-74.908528,40.634067,-74.908528,2021 Tropical Cyclone Ida,Seed line,Poor: +/- 0.40 ft,NAVD88,Level Gun,Sally Carullo,Nail and HWM tag,Phone/Car GPS,NAD83,Michal Niemoczynski,Michal Niemoczynski,NJHUN31522,"Riverside Drive in Clinton, NJ",NJ,Hunterdon County,No,40.634227,-74.909465,41450,Beaver Brook,31522,312,5,4,"Large tree at edge of bank behind Riverside Drive property, streamward of HWM4.",9/15/2021 4:00,190.1,2,2,N/A,23916,6,2.9,3,,Riverine,9/10/2021 4:00,0,2,510,510,HWM2,System.Collections.Generic.HashSet`1[STNDB.file]
40.634613,-74.909072,40.634613,-74.909072,2021 Tropical Cyclone Ida,Seed line,Fair: +/- 0.20 ft,NAVD88,Level Gun,Sally Carullo,Nail and HWM tag,Phone/Car GPS,NAD83,Michal Niemoczynski,Michal Niemoczynski,NJHUN31522,"Riverside Drive in Clinton, NJ",NJ,Hunterdon County,No,40.634227,-74.909465,41451,Beaver Brook,31522,312,5,3,Large tree 15 ft from west corner of garage.,9/15/2021 4:00,189.7,2,2,N/A,23922,6,1.2,3,,Riverine,9/10/2021 4:00,0,2,510,510,HWM3,System.Collections.Generic.HashSet`1[STNDB.file]
40.63427,-74.908625,40.63427,-74.908625,2021 Tropical Cyclone Ida,Seed line,Good: +/- 0.10 ft,NAVD88,Level Gun,Sally Carullo,Marker,Phone/Car GPS,NAD83,Michal Niemoczynski,Michal Niemoczynski,NJHUN31522,"Riverside Drive in Clinton, NJ",NJ,Hunterdon County,No,40.634227,-74.909465,41452,Beaver Brook,31522,312,5,2,North side of utility shed.,9/15/2021 4:00,190,2,2,N/A,23923,4,1.2,3,,Riverine,9/10/2021 4:00,0,2,510,510,HWM4,System.Collections.Generic.HashSet`1[STNDB.file]
40.638451,-74.912025,40.638451,-74.912025,2021 Tropical Cyclone Ida,Seed line,Excellent: +/- 0.05 ft,NAVD88,Level Gun,Sally Carullo,Marker,Phone/Car GPS,NAD83,Michal Niemoczynski,Michal Niemoczynski,NJHUN31523,"Clinton Municipal Parking Lot at Water Street in Clinton, NJ",NJ,Hunterdon County,No,40.638468,-74.911772,41453,South Branch Raritan River,31523,312,5,1,"Long seed line on east side of shed behind Water Street, next to parking lot.",9/15/2021 4:00,196.5,2,2,N/A,23919,4,2.7,3,,Riverine,9/10/2021 4:00,0,2,510,510,HWM1,System.Collections.Generic.HashSet`1[STNDB.file]
40.63841,-74.912079,40.63841,-74.912079,2021 Tropical Cyclone Ida,Seed line,Good: +/- 0.10 ft,NAVD88,Level Gun,Sally Carullo,Nail and HWM tag,Phone/Car GPS,NAD83,Michal Niemoczynski,Michal Niemoczynski,NJHUN31523,"Clinton Municipal Parking Lot at Water Street in Clinton, NJ",NJ,Hunterdon County,No,40.638468,-74.911772,41454,South Branch Raritan River,31523,312,5,2,Seed line in large ash tree 15 ft south behind shed with HWM1.,9/15/2021 4:00,196.5,2,2,N/A,23917,6,1.6,3,,Riverine,9/10/2021 4:00,0,2,510,510,HWM2,System.Collections.Generic.HashSet`1[STNDB.file]
40.63834,-74.91196,40.63834,-74.91196,2021 Tropical Cyclone Ida,Seed line,Fair: +/- 0.20 ft,NAVD88,Level Gun,Sally Carullo,Nail and HWM tag,Phone/Car GPS,NAD83,Michal Niemoczynski,Michal Niemoczynski,NJHUN31523,"Clinton Municipal Parking Lot at Water Street in Clinton, NJ",NJ,Hunterdon County,No,40.638468,-74.911772,41455,South Branch Raritan River,31523,312,5,3,Seed line in medium maple tree 50 ft from SW corner of parking lot on Water Street,9/15/2021 4:00,196.4,2,2,N/A,23920,6,2.9,3,,Riverine,9/10/2021 4:00,0,2,510,510,HWM3,System.Collections.Generic.HashSet`1[STNDB.file]
40.63738,-74.908738,40.63738,-74.908738,2021 Tropical Cyclone Ida,Seed line,Fair: +/- 0.20 ft,NAVD88,Level Gun,Sally Carullo,Nail and HWM tag,Phone/Car GPS,NAD83,Michal Niemoczynski,Michal Niemoczynski,NJHUN31524,"East Main Street and New Street in Clinton, NJ",NJ,Hunterdon County,No,40.637653,-74.908096,41456,Beaver Brook,31524,312,5,3,Seed line on utility pole 423 z40 on E Main Street at SE corner of post office,9/15/2021 4:00,193.9,2,2,N/A,23915,6,1.4,3,,Riverine,9/10/2021 4:00,0,2,510,510,HWM1,System.Collections.Generic.HashSet`1[STNDB.file]
40.637265,-74.908667,40.637265,-74.908667,2021 Tropical Cyclone Ida,Seed line,Good: +/- 0.10 ft,NAVD88,Level Gun,Sally Carullo,Marker,Phone/Car GPS,NAD83,Michal Niemoczynski,Michal Niemoczynski,NJHUN31524,"East Main Street and New Street in Clinton, NJ",NJ,Hunterdon County,No,40.637653,-74.908096,41457,Beaver Brook,31524,312,5,2,"Line on north side of building opposite back of post office",9/15/2021 4:00,194.4,2,2,N/A,23918,4,1,3,,Riverine,9/10/2021 4:00,0,2,510,510,HWM2,System.Collections.Generic.HashSet`1[STNDB.file]
40.637314,-74.908374,40.637314,-74.908374,2021 Tropical Cyclone Ida,Debris,Good: +/- 0.10 ft,NAVD88,Level Gun,Sally Carullo,Marker,Phone/Car GPS,NAD83,Michal Niemoczynski,Michal Niemoczynski,NJHUN31524,"East Main Street and New Street in Clinton, NJ",NJ,Hunterdon County,No,40.637653,-74.908096,41458,Beaver Brook,31524,312,2,2,Line in chain fence on south side of post office on  Route 173 and New Street.,9/15/2021 4:00,195.5,2,2,N/A,23921,4,1.2,3,,Riverine,9/10/2021 4:00,0,2,510,510,HWM3,System.Collections.Generic.HashSet`1[STNDB.file]
40.664234,-74.318088,40.664234,-74.318088,2021 Tropical Cyclone Ida,Seed line,Excellent: +/- 0.05 ft,NAVD88,Level Gun,Sally Carullo,Marker,Phone/Car GPS,NAD83,Michal Niemoczynski,Michal Niemoczynski,NJUNI31439,"Corner of Penn Rd and Harvard Rd in Cranford, NJ",NJ,Union County,No,40.664689,-74.319142,41459,Rahway River,31439,312,5,1,Seed line on fence 0.5 ft above ground,9/15/2021 4:00,69.4,2,2,N/A,23927,4,0.5,3,,Riverine,9/9/2021 4:00,0,2,510,510,HWM1,System.Collections.Generic.HashSet`1[STNDB.file]
40.665181,-74.319036,40.665181,-74.319036,2021 Tropical Cyclone Ida,Debris,Fair: +/- 0.20 ft,NAVD88,Level Gun,Sally Carullo,Marker,Phone/Car GPS,NAD83,Michal Niemoczynski,Michal Niemoczynski,NJUNI31439,"Corner of Penn Rd and Harvard Rd in Cranford, NJ",NJ,Union County,No,40.664689,-74.319142,41460,Rahway River,31439,312,2,3,Ridge of siding on house on Harvard Road.,9/15/2021 4:00,70.6,2,2,N/A,23928,4,1.5,3,,Riverine,9/9/2021 4:00,0,2,510,510,HWM2,System.Collections.Generic.HashSet`1[STNDB.file]
40.665523,-74.318939,40.665523,-74.318939,2021 Tropical Cyclone Ida,Other (Note in Description box),Fair: +/- 0.20 ft,NAVD88,Level Gun,Sally Carullo,Stake,Phone/Car GPS,NAD83,Michal Niemoczynski,Michal Niemoczynski,NJUNI31439,"Corner of Penn Rd and Harvard Rd in Cranford, NJ",NJ,Union County,No,40.664689,-74.319142,41461,Rahway River,31439,312,9,3,Cut line in mulch of garden in front of house on Harvard Road.,9/15/2021 4:00,70.1,2,2,N/A,23929,7,0,3,,Riverine,9/9/2021 4:00,0,2,510,510,HWM3,System.Collections.Generic.HashSet`1[STNDB.file]
40.665229,-74.318596,40.665229,-74.318596,2021 Tropical Cyclone Ida,Other (Note in Description box),Fair: +/- 0.20 ft,NAVD88,Level Gun,Sally Carullo,Stake,Phone/Car GPS,NAD83,Michal Niemoczynski,Michal Niemoczynski,NJUNI31439,"Corner of Penn Rd and Harvard Rd in Cranford, NJ",NJ,Union County,No,40.664689,-74.319142,41462,Rahway River,31439,312,9,3,Debris line in yard of house on Harvard Road.,9/15/2021 4:00,69.8,2,2,N/A,23930,7,0,3,,Riverine,9/9/2021 4:00,0,2,510,510,HWM4,System.Collections.Generic.HashSet`1[STNDB.file]
40.646344,-74.302642,40.646344,-74.302642,2021 Tropical Cyclone Ida,Seed line,Good: +/- 0.10 ft,NAVD88,Level Gun,Sally Carullo,Marker,Phone/Car GPS,NAD83,Michal Niemoczynski,Michal Niemoczynski,NJUNI31440,"Hawthorne Street in Cranford, NJ",NJ,Union County,No,40.646762,-74.302284,41463,Rahway River,31440,312,5,2,Seed line on back of house on Hawthorne Rd,9/15/2021 4:00,56.1,2,2,N/A,23931,4,1.7,3,,Riverine,9/9/2021 4:00,0,2,510,510,HWM1,System.Collections.Generic.HashSet`1[STNDB.file]
40.64642,-74.30213,40.64642,-74.30213,2021 Tropical Cyclone Ida,Seed line,Good: +/- 0.10 ft,NAVD88,Level Gun,Sally Carullo,Marker,Phone/Car GPS,NAD83,Michal Niemoczynski,Michal Niemoczynski,NJUNI31440,"Hawthorne Street in Cranford, NJ",NJ,Union County,No,40.646762,-74.302284,41464,Rahway River,31440,312,5,2,Line on corner of garage and around fenced side of house on Hawthorne Street.,9/15/2021 4:00,56.1,2,2,N/A,23932,4,1.4,3,,Riverine,9/9/2021 4:00,0,2,510,510,HWM2,System.Collections.Generic.HashSet`1[STNDB.file]
40.648272,-74.313073,40.648272,-74.313073,2021 Tropical Cyclone Ida,Debris,Good: +/- 0.10 ft,NAVD88,Level Gun,Sally Carullo,Stake,Phone/Car GPS,NAD83,Michal Niemoczynski,Michal Niemoczynski,NJUNI31520,"Hillcrest Avenue in Cranford, NJ",NJ,Union County,No,40.64795,-74.313425,41465,Flash flooding,31520,312,2,2,Debris line in front yard of house on Hillcrest Ave,9/15/2021 4:00,73.6,2,2,N/A,23933,7,0,3,,Riverine,9/10/2021 4:00,0,2,510,510,HWM1,System.Collections.Generic.HashSet`1[STNDB.file]
40.647927,-74.313579,40.647927,-74.313579,2021 Tropical Cyclone Ida,Seed line,Poor: +/- 0.40 ft,NAVD88,Level Gun,Sally Carullo,Marker,Phone/Car GPS,NAD83,Michal Niemoczynski,Michal Niemoczynski,NJUNI31520,"Hillcrest Avenue in Cranford, NJ",NJ,Union County,No,40.64795,-74.313425,41466,Flash flooding,31520,312,5,4,Grass pieces on bricks on side of 3rd step of property,9/15/2021 4:00,74,2,2,N/A,23934,4,0.4,3,,Riverine,9/10/2021 4:00,0,2,510,510,HWM2,System.Collections.Generic.HashSet`1[STNDB.file]
40.647729,-74.313709,40.647729,-74.313709,2021 Tropical Cyclone Ida,Debris,Good: +/- 0.10 ft,NAVD88,Level Gun,Sally Carullo,Stake,Phone/Car GPS,NAD83,Michal Niemoczynski,Michal Niemoczynski,NJUNI31520,"Hillcrest Avenue in Cranford, NJ",NJ,Union County,No,40.64795,-74.313425,41467,Flash flooding,31520,312,2,2,Debris line against sidewalk at base of stairs to house on Hillcrest Avenue,9/15/2021 4:00,74.7,2,2,N/A,23935,7,0,3,,Riverine,9/10/2021 4:00,0,2,510,510,HWM3,System.Collections.Generic.HashSet`1[STNDB.file]
40.66125,-74.303492,40.66125,-74.303492,2021 Tropical Cyclone Ida,Seed line,Poor: +/- 0.40 ft,NAVD88,Level Gun,Sally Carullo,Marker,Phone/Car GPS,NAD83,Michal Niemoczynski,Michal Niemoczynski,NJUNI31521,"Casino Ave and Claremont Place in Cranford, NJ",NJ,Union County,No,40.661865,-74.303257,41468,Rahway River,31521,312,5,4,Seed line across door and on door frame,9/15/2021 4:00,66.1,2,2,N/A,23936,4,1.6,3,,Riverine,9/10/2021 4:00,0,2,510,510,HWM1,System.Collections.Generic.HashSet`1[STNDB.file]
40.661405,-74.303514,40.661405,-74.303514,2021 Tropical Cyclone Ida,Seed line,Good: +/- 0.10 ft,NAVD88,Level Gun,Sally Carullo,Marker,Phone/Car GPS,NAD83,Michal Niemoczynski,Michal Niemoczynski,NJUNI31521,"Casino Ave and Claremont Place in Cranford, NJ",NJ,Union County,No,40.661865,-74.303257,41469,Rahway River,31521,312,5,2,Seed line across porch front on supports and lattice of house on Casino Avenue.,9/15/2021 4:00,66.1,2,2,N/A,23937,4,1.4,3,,Riverine,9/10/2021 4:00,0,2,510,510,HWM2,System.Collections.Generic.HashSet`1[STNDB.file]
40.661911,-74.303743,40.661911,-74.303743,2021 Tropical Cyclone Ida,Seed line,Good: +/- 0.10 ft,NAVD88,Level Gun,Sally Carullo,Marker,Phone/Car GPS,NAD83,Michal Niemoczynski,Michal Niemoczynski,NJUNI31521,"Casino Ave and Claremont Place in Cranford, NJ",NJ,Union County,No,40.661865,-74.303257,41470,Rahway River,31521,312,5,2,Seed line of fine debris across side of house,9/15/2021 4:00,66.1,2,2,N/A,23938,4,0.8,3,,Riverine,9/10/2021 4:00,0,2,510,510,HWM3,System.Collections.Generic.HashSet`1[STNDB.file]
40.66667,-74.30639,40.66667,-74.30639,2021 Tropical Cyclone Ida,Seed line,Good: +/- 0.10 ft,NAVD88,Level Gun,Sally Carullo,Marker,Phone/Car GPS,NAD83,Michal Niemoczynski,Michal Niemoczynski,NJUNI31434,"Elmora Ave and Henley Ave in Cranford, NJ",NJ,Union County,No,40.66667,-74.30611,41471,Rahway River,31434,312,5,2,"Silt line, next to garage door on Henley Ave",9/15/2021 4:00,69.3,2,2,N/A,23924,4,3.8,3,,Riverine,9/8/2021 4:00,0,2,510,510,HWM1,System.Collections.Generic.HashSet`1[STNDB.file]
40.666389,-74.306111,40.666389,-74.306111,2021 Tropical Cyclone Ida,Debris,Fair: +/- 0.20 ft,NAVD88,Level Gun,Sally Carullo,Stake,Phone/Car GPS,NAD83,Michal Niemoczynski,Michal Niemoczynski,NJUNI31434,"Elmora Ave and Henley Ave in Cranford, NJ",NJ,Union County,No,40.66667,-74.30611,41472,Rahway River,31434,312,2,3,"Elmora Ave, front yard near sidewalk, 3 ft right of front steps",9/15/2021 4:00,69,2,2,N/A,23925,7,0,3,,Riverine,9/8/2021 4:00,0,2,510,510,HWM2,System.Collections.Generic.HashSet`1[STNDB.file]
40.667222,-74.305833,40.667222,-74.305833,2021 Tropical Cyclone Ida,Other (Note in Description box),Fair: +/- 0.20 ft,NAVD88,Level Gun,Sally Carullo,Stake,Phone/Car GPS,NAD83,Michal Niemoczynski,Michal Niemoczynski,NJUNI31434,"Elmora Ave and Henley Ave in Cranford, NJ",NJ,Union County,No,40.66667,-74.30611,41473,Rahway River,31434,312,9,3,Cut line in mulch bankward side of driveway on Elmora Ave (driveway on Dunham Ave).,9/15/2021 4:00,69.8,2,2,N/A,23926,7,0,3,,Riverine,9/8/2021 4:00,0,2,510,510,HWM3,System.Collections.Generic.HashSet`1[STNDB.file]
40.668889,-74.225278,40.668889,-74.225278,2021 Tropical Cyclone Ida,Debris,Good: +/- 0.10 ft,NAVD88,Level Gun,Sally Carullo,Other (Note in Description box),Phone/Car GPS,NAD83,Michal Niemoczynski,Michal Niemoczynski,NJUNI31723,"Orchard Street in Elizabeth, NJ",NJ,Union County,No,40.668962,-74.225382,41474,Elizabeth River,31723,312,2,2,Debris line on house siding on Orchard St. Elizabeth NJ.,9/18/2021 4:00,23.4,2,2,N/A,23945,9,1.7,3,,Riverine,9/13/2021 4:00,0,2,510,510,HWM1,System.Collections.Generic.HashSet`1[STNDB.file]
40.669167,-74.225,40.669167,-74.225,2021 Tropical Cyclone Ida,Debris,Good: +/- 0.10 ft,NAVD88,Level Gun,Sally Carullo,Other (Note in Description box),Phone/Car GPS,NAD83,Michal Niemoczynski,Michal Niemoczynski,NJUNI31723,"Orchard Street in Elizabeth, NJ",NJ,Union County,No,40.668962,-74.225382,41475,Elizabeth River,31723,312,2,2,Debris line on siding next to garage door.,9/18/2021 4:00,23.4,2,2,N/A,23946,9,0.4,3,,Riverine,9/13/2021 4:00,0,2,510,510,HWM2,System.Collections.Generic.HashSet`1[STNDB.file]
40.668889,-74.225833,40.668889,-74.225833,2021 Tropical Cyclone Ida,Other (Note in Description box),Fair: +/- 0.20 ft,NAVD88,Level Gun,Sally Carullo,Stake,Phone/Car GPS,NAD83,Michal Niemoczynski,Michal Niemoczynski,NJUNI31723,"Orchard Street in Elizabeth, NJ",NJ,Union County,No,40.668962,-74.225382,41476,Elizabeth River,31723,312,9,3,Cut line in mulch garden bed.,9/18/2021 4:00,23.5,2,2,N/A,23947,7,0,3,,Riverine,9/13/2021 4:00,0,2,510,510,HWM3,System.Collections.Generic.HashSet`1[STNDB.file]
40.5039254,-74.8656085,40.5039254,-74.8656085,2021 Tropical Cyclone Ida,Debris,Fair: +/- 0.20 ft,NAVD88,Level Gun,Sally Carullo,Nail and HWM tag,Phone/Car GPS,NAD83,Jaclynne Polcino,Jaclynne Polcino,NJHUN31738,"Park and Ride on Route 12 in Flemington, NJ",NJ,Hunterdon County,No,40.5032445,-74.8654499,41477,Walnut Brook,31738,312,2,3,Wooden fence at north middle end of car park.,9/25/2021 4:00,179.4,2,2,N/A,23939,6,1,3,,Riverine,9/14/2021 4:00,0,2,2045,2045,HWM1,System.Collections.Generic.HashSet`1[STNDB.file]
40.5032483,-74.8653476,40.5032483,-74.8653476,2021 Tropical Cyclone Ida,Debris,Good: +/- 0.10 ft,NAVD88,Level Gun,Sally Carullo,Nail and HWM tag,Phone/Car GPS,NAD83,Jaclynne Polcino,Jaclynne Polcino,NJHUN31738,"Park and Ride on Route 12 in Flemington, NJ",NJ,Hunterdon County,No,40.5032445,-74.8654499,41480,Walnut Brook,31738,312,2,2,Line of debris in chain fence in electrical enclosure at west side of car park.,9/25/2021 4:00,179.1,2,2,N/A,23940,6,2.6,3,,Riverine,9/14/2021 4:00,0,2,2045,2045,HWM2,System.Collections.Generic.HashSet`1[STNDB.file]
40.5031402,-74.8649775,40.5031402,-74.8649775,2021 Tropical Cyclone Ida,Seed line,Poor: +/- 0.40 ft,NAVD88,Level Gun,Sally Carullo,Nail and HWM tag,Phone/Car GPS,NAD83,Jaclynne Polcino,Jaclynne Polcino,NJHUN31738,"Park and Ride on Route 12 in Flemington, NJ",NJ,Hunterdon County,No,40.5032445,-74.8654499,41481,Walnut Brook,31738,312,5,4,Seed line in tree,9/25/2021 4:00,178.8,2,2,N/A,23941,6,2.8,3,,Riverine,9/14/2021 4:00,0,2,2045,2045,HWM3,System.Collections.Generic.HashSet`1[STNDB.file]
40.5032457,-74.8647522,40.5032457,-74.8647522,2021 Tropical Cyclone Ida,Debris,Fair: +/- 0.20 ft,NAVD88,Level Gun,Sally Carullo,Other (Note in Description box),Phone/Car GPS,NAD83,Jaclynne Polcino,Jaclynne Polcino,NJHUN31738,"Park and Ride on Route 12 in Flemington, NJ",NJ,Hunterdon County,No,40.5032445,-74.8654499,41482,Walnut Brook,31738,312,2,3,"Debris on fence of brick building east of wooden enclosure, south of parking lot. Marked with flagging tape.",9/25/2021 4:00,179,2,2,N/A,23942,9,1.6,3,,Riverine,9/14/2021 4:00,0,2,2045,2045,HWM4,System.Collections.Generic.HashSet`1[STNDB.file]
40.618361,-74.442988,40.618361,-74.442988,2021 Tropical Cyclone Ida,Seed line,Good: +/- 0.10 ft,NAVD88,RT-GNSS,Sally Carullo,Stake,Phone/Car GPS,NAD83,Jaclynne Polcino,Jaclynne Polcino,NJSOM31525,"Glenside Place in North Plainfield, NJ",NJ,Somerset County,No,40.618094,-74.442864,41483,Stony Brook,31525,312,5,2,Seed line on outside of fence on property line,9/25/2021 4:00,67.4,2,6,N/A,23944,7,0.8,3,,Riverine,9/11/2021 4:00,0,2,2045,2045,HWM1,System.Collections.Generic.HashSet`1[STNDB.file]
40.618314,-74.443065,40.618314,-74.443065,2021 Tropical Cyclone Ida,Seed line,Fair: +/- 0.20 ft,NAVD88,RT-GNSS,Sally Carullo,Stake,Phone/Car GPS,NAD83,Jaclynne Polcino,Jaclynne Polcino,NJSOM31525,"Glenside Place in North Plainfield, NJ",NJ,Somerset County,No,40.618094,-74.442864,41484,Stony Brook,31525,312,5,3,"Seed line on house foundation on other side of driveway from HWM1, rear corner of property.",9/25/2021 4:00,67.3,2,6,N/A,23943,7,0.8,3,,Riverine,9/11/2021 4:00,0,2,2045,2045,HWM2,System.Collections.Generic.HashSet`1[STNDB.file]
40.573014,-75.095949,40.573014,-75.095949,2021 Tropical Cyclone Ida,Seed line,VP: > 0.40 ft,NAVD88,Level Gun,Sally Carullo,Nail and HWM tag,Phone/Car GPS,NAD83,Jaclynne Polcino,Jaclynne Polcino,NJHUN31750,"York Road in Milford, NJ",NJ,Hunterdon County,No,40.573132,-75.09601,41485,Hakihokake Creek,31750,312,5,5,"Seed line in tree, south of driveway",9/21/2021 4:00,151.8,2,2,N/A,23948,6,4.3,3,,Riverine,9/16/2021 4:00,0,2,2045,2045,HWM1,System.Collections.Generic.HashSet`1[STNDB.file]
40.573399,-75.095842,40.573399,-75.095842,2021 Tropical Cyclone Ida,Seed line,Good: +/- 0.10 ft,NAVD88,Level Gun,Sally Carullo,Tape,Phone/Car GPS,NAD83,Jaclynne Polcino,Jaclynne Polcino,NJHUN31750,"York Road in Milford, NJ",NJ,Hunterdon County,No,40.573132,-75.09601,41486,Hakihokake Creek,31750,312,5,2,Northwest corner of large white building,9/21/2021 4:00,150.9,2,2,N/A,23949,2,1.5,3,,Riverine,9/16/2021 4:00,0,2,2045,2045,HWM2,System.Collections.Generic.HashSet`1[STNDB.file]
40.56734,-75.093646,40.56734,-75.093646,2021 Tropical Cyclone Ida,Debris,Good: +/- 0.10 ft,NAVD88,Level Gun,Sally Carullo,Tape,Phone/Car GPS,NAD83,Jaclynne Polcino,Jaclynne Polcino,NJHUN31751,"Municipal basketball court off of Route 519 in Milford, NJ",NJ,Hunterdon County,No,40.567386,-75.093711,41487,Hakihokake Creek,31751,312,2,2,Second post south of entrance to basketball court,9/21/2021 4:00,134.7,2,2,N/A,23950,2,2.1,3,,Riverine,9/16/2021 4:00,0,2,2045,2045,HWM1,System.Collections.Generic.HashSet`1[STNDB.file]
40.567587,-75.093476,40.567587,-75.093476,2021 Tropical Cyclone Ida,Seed line,Fair: +/- 0.20 ft,NAVD88,Level Gun,Sally Carullo,Tape,Phone/Car GPS,NAD83,Jaclynne Polcino,Jaclynne Polcino,NJHUN31751,"Municipal basketball court off of Route 519 in Milford, NJ",NJ,Hunterdon County,No,40.567386,-75.093711,41488,Hakihokake Creek,31751,312,5,3,Fence towards the stream bank from basketball court,9/21/2021 4:00,134.6,2,2,N/A,23951,2,1.6,3,,Riverine,9/16/2021 4:00,0,2,2045,2045,HWM2,System.Collections.Generic.HashSet`1[STNDB.file]
40.527331,-75.058769,40.527331,-75.058769,2021 Tropical Cyclone Ida,Mud,Fair: +/- 0.20 ft,NAVD88,Level Gun,Sally Carullo,Tape,Phone/Car GPS,NAD83,Jaclynne Polcino,Jaclynne Polcino,NJHUN31752,"Creek Road in Frenchtown, NJ",NJ,Hunterdon County,No,40.527331,-75.058769,41489,Nishisakawick Creek,31752,312,1,3,Mud line on blue park bathroom building door,9/21/2021 4:00,127.1,2,2,N/A,23954,2,1.1,3,,Riverine,9/16/2021 4:00,0,2,2045,2045,HWM1,System.Collections.Generic.HashSet`1[STNDB.file]
40.527195,-75.059133,40.527195,-75.059133,2021 Tropical Cyclone Ida,Seed line,Poor: +/- 0.40 ft,NAVD88,Level Gun,Sally Carullo,Nail and HWM tag,Phone/Car GPS,NAD83,Jaclynne Polcino,Jaclynne Polcino,NJHUN31752,"Creek Road in Frenchtown, NJ",NJ,Hunterdon County,No,40.527331,-75.058769,41490,Nishisakawick Creek,31752,312,5,4,"Seed line in tree, 200 feet upstream of bridge, 30 feet upstream of blue hexagon fence",9/21/2021 4:00,126.7,2,2,N/A,23955,6,1.8,3,,Riverine,9/16/2021 4:00,0,2,2045,2045,HWM2,System.Collections.Generic.HashSet`1[STNDB.file]
40.526783,-75.059202,40.526783,-75.059202,2021 Tropical Cyclone Ida,Debris,Fair: +/- 0.20 ft,NAVD88,Level Gun,Sally Carullo,Stake,Phone/Car GPS,NAD83,Jaclynne Polcino,Jaclynne Polcino,NJHUN31752,"Creek Road in Frenchtown, NJ",NJ,Hunterdon County,No,40.527331,-75.058769,41491,Nishisakawick Creek,31752,312,2,3,"Debris line, corner of Creek Road and Kingwood Avenue, in front of Napoli Pizza",9/21/2021 4:00,126.8,2,2,N/A,23956,7,0,3,,Riverine,9/16/2021 4:00,0,2,2045,2045,HWM3,System.Collections.Generic.HashSet`1[STNDB.file]
40.522933,-75.061232,40.522933,-75.061232,2021 Tropical Cyclone Ida,Debris,Poor: +/- 0.40 ft,NAVD88,Level Gun,Sally Carullo,Stake,Phone/Car GPS,NAD83,Jaclynne Polcino,Jaclynne Polcino,NJHUN31757,"Parking lot off of Trenton Ave in Frenchtown, NJ",NJ,Hunterdon County,No,40.52259,-75.061005,41492,Little Nishisakawick Creek,31757,312,2,4,"Point at which flow broke over bank on upstream left edge water, 50 feet upstream of bridge",9/21/2021 4:00,125.2,2,2,N/A,23957,7,0,3,,Riverine,9/17/2021 4:00,0,2,2045,2045,HWM1,System.Collections.Generic.HashSet`1[STNDB.file]
40.522805,-75.061318,40.522805,-75.061318,2021 Tropical Cyclone Ida,Debris,Fair: +/- 0.20 ft,NAVD88,Level Gun,Sally Carullo,Stake,Phone/Car GPS,NAD83,Jaclynne Polcino,Jaclynne Polcino,NJHUN31757,"Parking lot off of Trenton Ave in Frenchtown, NJ",NJ,Hunterdon County,No,40.52259,-75.061005,41493,Little Nishisakawick Creek,31757,312,2,3,Debris line in lawn 40 feet towards the bank from HWM1,9/21/2021 4:00,124.8,2,2,N/A,23958,7,0,3,,Riverine,9/17/2021 4:00,0,2,2045,2045,HWM2,System.Collections.Generic.HashSet`1[STNDB.file]
40.522801,-75.061677,40.522801,-75.061677,2021 Tropical Cyclone Ida,Debris,Fair: +/- 0.20 ft,NAVD88,Level Gun,Sally Carullo,Stake,Phone/Car GPS,NAD83,Jaclynne Polcino,Jaclynne Polcino,NJHUN31757,"Parking lot off of Trenton Ave in Frenchtown, NJ",NJ,Hunterdon County,No,40.52259,-75.061005,41494,Little Nishisakawick Creek,31757,312,2,3,"Debris line downstream left edge water, just past business sign",9/21/2021 4:00,124.9,2,2,N/A,23959,7,0,3,,Riverine,9/17/2021 4:00,0,2,2045,2045,HWM3,System.Collections.Generic.HashSet`1[STNDB.file]
40.523487,-75.061627,40.523487,-75.061627,2021 Tropical Cyclone Ida,Seed line,Good: +/- 0.10 ft,NAVD88,Level Gun,Sally Carullo,Other (Note in Description box),Phone/Car GPS,NAD83,Jaclynne Polcino,Jaclynne Polcino,NJHUN31757,"Parking lot off of Trenton Ave in Frenchtown, NJ",NJ,Hunterdon County,No,40.52259,-75.061005,41495,Little Nishisakawick Creek,31757,312,5,2,"Seed line on garage door, downstream right edge water of bridge, 80 feet from bank",9/21/2021 4:00,123.4,2,2,N/A,23960,9,2.7,3,,Riverine,9/17/2021 4:00,0,2,2045,2045,HWM4,System.Collections.Generic.HashSet`1[STNDB.file]
40.523339,-75.061415,40.523339,-75.061415,2021 Tropical Cyclone Ida,Seed line,Excellent: +/- 0.05 ft,NAVD88,Level Gun,Sally Carullo,Other (Note in Description box),Phone/Car GPS,NAD83,Jaclynne Polcino,Jaclynne Polcino,NJHUN31757,"Parking lot off of Trenton Ave in Frenchtown, NJ",NJ,Hunterdon County,No,40.52259,-75.061005,41496,Little Nishisakawick Creek,31757,312,5,1,Seed line on front door of house on Trenton Avenue,9/21/2021 4:00,125.2,2,2,N/A,23961,9,1,3,,Riverine,9/17/2021 4:00,0,2,2045,2045,HWM5,System.Collections.Generic.HashSet`1[STNDB.file]
40.523315,-75.061055,40.523315,-75.061055,2021 Tropical Cyclone Ida,Seed line,Fair: +/- 0.20 ft,NAVD88,Level Gun,Sally Carullo,Nail and HWM tag,Phone/Car GPS,NAD83,Jaclynne Polcino,Jaclynne Polcino,NJHUN31757,"Parking lot off of Trenton Ave in Frenchtown, NJ",NJ,Hunterdon County,No,40.52259,-75.061005,41497,Little Nishisakawick Creek,31757,312,5,3,Seed line in tree behind HWM5,9/21/2021 4:00,125.6,2,2,N/A,23962,6,6.1,3,,Riverine,9/17/2021 4:00,0,2,2045,2045,HWM6,System.Collections.Generic.HashSet`1[STNDB.file]
40.525251,-75.060938,40.525251,-75.060938,2021 Tropical Cyclone Ida,Mud,Fair: +/- 0.20 ft,NAVD88,Level Gun,Sally Carullo,Other (Note in Description box),Phone/Car GPS,NAD83,Jaclynne Polcino,Jaclynne Polcino,NJHUN31758,"Parking lot of Frenchtown post office off of Trenton Avenue in Frenchtown, NJ",NJ,Hunterdon County,No,40.525395,-75.0613303,41498,Nishisakawick Creek,31758,312,1,3,Mud line on southeast corner of liquor store,9/21/2021 4:00,120.1,2,2,N/A,23963,9,2.4,3,,Riverine,9/17/2021 4:00,0,2,2045,2045,HWM1,System.Collections.Generic.HashSet`1[STNDB.file]
40.525479,-75.060895,40.525479,-75.060895,2021 Tropical Cyclone Ida,Mud,Fair: +/- 0.20 ft,NAVD88,Level Gun,Sally Carullo,Other (Note in Description box),Phone/Car GPS,NAD83,Jaclynne Polcino,Jaclynne Polcino,NJHUN31758,"Parking lot of Frenchtown post office off of Trenton Avenue in Frenchtown, NJ",NJ,Hunterdon County,No,40.525395,-75.0613303,41499,Nishisakawick Creek,31758,312,1,3,Mud line on door on south side of spa/salon on Trenton Ave. Ground is below road surface.,9/21/2021 4:00,121.3,2,2,N/A,23964,9,5.1,3,,Riverine,9/17/2021 4:00,0,2,2045,2045,HWM2,System.Collections.Generic.HashSet`1[STNDB.file]
40.5244422,-75.0619157,40.5244422,-75.0619157,2021 Tropical Cyclone Ida,Mud,Fair: +/- 0.20 ft,NAVD88,Level Gun,Sally Carullo,Tape,Phone/Car GPS,NAD83,Jaclynne Polcino,Jaclynne Polcino,NJHUN31747,"Trenton Avenue and Kerr Street in Frenchtown, NJ",NJ,Hunterdon County,No,40.5244422,-75.0619157,41500,Nishisakawick Creek,31747,312,1,3,Mud line on south side of yellow shed behind house on Trenton Avenue (Route 29),9/21/2021 4:00,118.9,2,2,N/A,23952,2,2,3,,Riverine,9/15/2021 4:00,0,2,2045,2045,HWM1,System.Collections.Generic.HashSet`1[STNDB.file]
40.5244202,-75.0620008,40.5244202,-75.0620008,2021 Tropical Cyclone Ida,Mud,Fair: +/- 0.20 ft,NAVD88,Level Gun,Sally Carullo,Tape,Phone/Car GPS,NAD83,Jaclynne Polcino,Jaclynne Polcino,NJHUN31747,"Trenton Avenue and Kerr Street in Frenchtown, NJ",NJ,Hunterdon County,No,40.5244422,-75.0619157,41501,Nishisakawick Creek,31747,312,1,3,Mud line on garage entrance behind house on Kerr Street,9/21/2021 4:00,118.9,2,2,N/A,23953,2,2,3,,Riverine,9/15/2021 4:00,0,2,2045,2045,HWM2,System.Collections.Generic.HashSet`1[STNDB.file]
40.608511,-74.2927906,40.608511,-74.2927906,2021 Tropical Cyclone Ida,Seed line,Good: +/- 0.10 ft,NAVD88,Level Gun,Sally Carullo,Tape,Phone/Car GPS,NAD83,Jaclynne Polcino,Jaclynne Polcino,NJUNI31728,"Inwood Place off of Maple Ave, Rahway, NJ",NJ,Union County,No,40.609057,-74.2923966,41502,Robinsons Branch,31728,312,5,2,Seed line on garage door,9/25/2021 4:00,21.7,2,2,N/A,23968,2,1.2,3,,Riverine,9/14/2021 4:00,0,2,2045,2045,HWM1,System.Collections.Generic.HashSet`1[STNDB.file]
40.6085443,-74.2923718,40.6085443,-74.2923718,2021 Tropical Cyclone Ida,Mud,Fair: +/- 0.20 ft,NAVD88,Level Gun,Sally Carullo,Tape,Phone/Car GPS,NAD83,Jaclynne Polcino,Jaclynne Polcino,NJUNI31728,"Inwood Place off of Maple Ave, Rahway, NJ",NJ,Union County,No,40.609057,-74.2923966,41503,Robinsons Branch,31728,312,1,3,Line on basement window and side of house on Inwood Place,9/25/2021 4:00,21.7,2,2,N/A,23969,2,1.8,3,,Riverine,9/14/2021 4:00,0,2,2045,2045,HWM2,System.Collections.Generic.HashSet`1[STNDB.file]
40.6086235,-74.2923185,40.6086235,-74.2923185,2021 Tropical Cyclone Ida,Mud,Fair: +/- 0.20 ft,NAVD88,Level Gun,Sally Carullo,Tape,Phone/Car GPS,NAD83,Jaclynne Polcino,Jaclynne Polcino,NJUNI31728,"Inwood Place off of Maple Ave, Rahway, NJ",NJ,Union County,No,40.609057,-74.2923966,41504,Robinsons Branch,31728,312,1,3,Mud line on garage door of house on Inwood Place,9/25/2021 4:00,21.6,2,2,N/A,23970,2,2.7,3,,Riverine,9/14/2021 4:00,0,2,2045,2045,HWM3,System.Collections.Generic.HashSet`1[STNDB.file]
40.6103042,-74.2894204,40.6103042,-74.2894204,2021 Tropical Cyclone Ida,Seed line,Good: +/- 0.10 ft,NAVD88,Level Gun,Sally Carullo,Stake,Phone/Car GPS,NAD83,Jaclynne Polcino,Jaclynne Polcino,NJUNI31726,"Mooney Place near Central Ave in Rahway, NJ",NJ,Union County,No,40.610308,-74.2891615,41505,Rahway River,31726,312,5,2,Seed line on gas meter on south side of house,9/25/2021 4:00,23.9,2,2,N/A,23974,7,0.5,3,,Riverine,9/14/2021 4:00,0,2,2045,2045,HWM1,System.Collections.Generic.HashSet`1[STNDB.file]
40.6100784,-74.2890898,40.6100784,-74.2890898,2021 Tropical Cyclone Ida,Seed line,Good: +/- 0.10 ft,NAVD88,Level Gun,Sally Carullo,Tape,Phone/Car GPS,NAD83,Jaclynne Polcino,Jaclynne Polcino,NJUNI31726,"Mooney Place near Central Ave in Rahway, NJ",NJ,Union County,No,40.610308,-74.2891615,41506,Rahway River,31726,312,5,2,"Seed line on lower portion of house near basement window to the left of steps on house on Mooney Place",9/25/2021 4:00,23.9,2,2,N/A,23975,2,1.1,3,,Riverine,9/14/2021 4:00,0,2,2045,2045,HWM2,System.Collections.Generic.HashSet`1[STNDB.file]
40.6103876,-74.288905,40.6103876,-74.288905,2021 Tropical Cyclone Ida,Seed line,Good: +/- 0.10 ft,NAVD88,Level Gun,Sally Carullo,Tape,Phone/Car GPS,NAD83,Jaclynne Polcino,Jaclynne Polcino,NJUNI31726,"Mooney Place near Central Ave in Rahway, NJ",NJ,Union County,No,40.610308,-74.2891615,41507,Rahway River,31726,312,5,2,Line on north side of house on Mooney Place across basement window,9/25/2021 4:00,23.8,2,2,N/A,23976,2,1.3,3,,Riverine,9/14/2021 4:00,0,2,2045,2045,HWM3,System.Collections.Generic.HashSet`1[STNDB.file]
40.666563,-74.237255,40.666563,-74.237255,2021 Tropical Cyclone Ida,Debris,Fair: +/- 0.20 ft,NAVD88,Level Gun,Sally Carullo,Nail and HWM tag,Phone/Car GPS,NAD83,Michal Niemoczynski,Michal Niemoczynski,NJUNI31724,"Intersection of Park Ave and Springfield Rd in Elizabeth, NJ",NJ,Union County,No,40.666468,-74.237039,41508,Flash flooding,31724,312,2,3,Debris line on tree trunk,9/18/2021 4:00,43.2,2,2,N/A,23980,6,1.5,3,,Riverine,9/13/2021 4:00,0,2,510,510,HWM1,System.Collections.Generic.HashSet`1[STNDB.file]
40.666805,-74.236782,40.666805,-74.236782,2021 Tropical Cyclone Ida,Debris,Fair: +/- 0.20 ft,NAVD88,Level Gun,Sally Carullo,Other (Note in Description box),Phone/Car GPS,NAD83,Michal Niemoczynski,Michal Niemoczynski,NJUNI31724,"Intersection of Park Ave and Springfield Rd in Elizabeth, NJ",NJ,Union County,No,40.666468,-74.237039,41509,Flash flooding,31724,312,2,3,Debris line on ground at base of fence.,9/18/2021 4:00,42,2,2,N/A,23981,9,0,3,,Riverine,9/13/2021 4:00,0,2,510,510,HWM2,System.Collections.Generic.HashSet`1[STNDB.file]
40.666577,-74.236683,40.666577,-74.236683,2021 Tropical Cyclone Ida,Debris,Fair: +/- 0.20 ft,NAVD88,Level Gun,Sally Carullo,Stake,Phone/Car GPS,NAD83,Michal Niemoczynski,Michal Niemoczynski,NJUNI31724,"Intersection of Park Ave and Springfield Rd in Elizabeth, NJ",NJ,Union County,No,40.666468,-74.237039,41510,Flash flooding,31724,312,2,3,Grass debris line caught in bush,9/18/2021 4:00,41.3,2,2,N/A,23982,7,1.2,3,,Riverine,9/13/2021 4:00,0,2,510,510,HWM3,System.Collections.Generic.HashSet`1[STNDB.file]
40.6083333,-74.2865672,40.6083333,-74.2865672,2021 Tropical Cyclone Ida,Debris,Poor: +/- 0.40 ft,NAVD88,Level Gun,Sally Carullo,Stake,Phone/Car GPS,NAD83,Jaclynne Polcino,Jaclynne Polcino,NJUNI31720,"Elm Ave and St. George Ave in Rahway, NJ",NJ,Union County,No,40.6082705,-74.2868397,41511,Robinsons Branch,31720,312,2,4,Debris line in entrance to back parking lot of dermatologist office on corner of Elm Ave. and St. George Ave. next to large tree,9/25/2021 4:00,18.6,2,2,N/A,23965,7,0,3,,Riverine,9/13/2021 4:00,0,2,2045,2045,HWM1,System.Collections.Generic.HashSet`1[STNDB.file]
40.6082817,-74.2867428,40.6082817,-74.2867428,2021 Tropical Cyclone Ida,Seed line,Fair: +/- 0.20 ft,NAVD88,Level Gun,Sally Carullo,Marker,Phone/Car GPS,NAD83,Jaclynne Polcino,Jaclynne Polcino,NJUNI31720,"Elm Ave and St. George Ave in Rahway, NJ",NJ,Union County,No,40.6082705,-74.2868397,41512,Robinsons Branch,31720,312,5,3,"Seed line near bottom of green sign support post for ""2hr parking"" sign in front of dermatologist office.",9/25/2021 4:00,19.3,2,2,N/A,23966,4,1.3,3,,Riverine,9/13/2021 4:00,0,2,2045,2045,HWM2,System.Collections.Generic.HashSet`1[STNDB.file]
40.666392,-74.236432,40.666392,-74.236432,2021 Tropical Cyclone Ida,Debris,Good: +/- 0.10 ft,NAVD88,Level Gun,Sally Carullo,,Phone/Car GPS,NAD83,Michal Niemoczynski,Michal Niemoczynski,NJUNI31724,"Intersection of Park Ave and Springfield Rd in Elizabeth, NJ",NJ,Union County,No,40.666468,-74.237039,41513,Flash flooding,31724,312,2,2,Debris line on front lawn of house on Park Ave.,9/18/2021 4:00,41.1,2,2,N/A,23983,,0,3,,Riverine,9/13/2021 4:00,0,2,510,510,HWM4,System.Collections.Generic.HashSet`1[STNDB.file]
40.6081417,-74.2866366,40.6081417,-74.2866366,2021 Tropical Cyclone Ida,Other (Note in Description box),Poor: +/- 0.40 ft,NAVD88,Level Gun,Sally Carullo,Stake,Phone/Car GPS,NAD83,Jaclynne Polcino,Jaclynne Polcino,NJUNI31720,"Elm Ave and St. George Ave in Rahway, NJ",NJ,Union County,No,40.6082705,-74.2868397,41514,Robinsons Branch,31720,312,9,4,Stake with flagging on curb in line with flag pole on Elm Avenue.,9/25/2021 4:00,19.3,2,2,N/A,23967,7,0,3,Discussed location of the extent of flooding with the 2 homeowners who said that the extent of water was in this location. One is a Fire Fighter who used caution tape to block off the street from motorists.,Riverine,9/13/2021 4:00,0,2,2045,2045,HWM3,System.Collections.Generic.HashSet`1[STNDB.file]
40.6120487,-74.2772592,40.6120487,-74.2772592,2021 Tropical Cyclone Ida,Seed line,Good: +/- 0.10 ft,NAVD88,Level Gun,Sally Carullo,Marker,Phone/Car GPS,NAD83,Jaclynne Polcino,Jaclynne Polcino,NJUNI31725,"Corner of Irving & Seminary Ave in Rahway, NJ",NJ,Union County,No,40.6119486,-74.2771761,41515,Rahway River,31725,312,5,2,Line on inside of leg of letter R in ART sculpture in front of The Gallery Space,9/25/2021 4:00,16.1,2,2,N/A,23971,4,0.8,3,Seed lines also present on other sculpture letters A and T.,Riverine,9/14/2021 4:00,0,2,2045,2045,HWM1,System.Collections.Generic.HashSet`1[STNDB.file]
40.612024,-74.2770027,40.612024,-74.2770027,2021 Tropical Cyclone Ida,Mud,Fair: +/- 0.20 ft,NAVD88,Level Gun,Sally Carullo,Marker,Phone/Car GPS,NAD83,Jaclynne Polcino,Jaclynne Polcino,NJUNI31725,"Corner of Irving & Seminary Ave in Rahway, NJ",NJ,Union County,No,40.6119486,-74.2771761,41516,Rahway River,31725,312,1,3,Line marked on fence post leveled in with other posts,9/25/2021 4:00,16,2,2,N/A,23972,4,2.6,3,,Riverine,9/14/2021 4:00,0,2,2045,2045,HWM2,System.Collections.Generic.HashSet`1[STNDB.file]
40.6123075,-74.2773263,40.6123075,-74.2773263,2021 Tropical Cyclone Ida,Debris,Fair: +/- 0.20 ft,NAVD88,Level Gun,Sally Carullo,Stake,Phone/Car GPS,NAD83,Jaclynne Polcino,Jaclynne Polcino,NJUNI31725,"Corner of Irving & Seminary Ave in Rahway, NJ",NJ,Union County,No,40.6119486,-74.2771761,41517,Rahway River,31725,312,2,3,Debris lines indicating the extent of water on lawn of Gallery Space on Irving Street,9/25/2021 4:00,16.1,2,2,N/A,23973,7,0,3,,Riverine,9/14/2021 4:00,0,2,2045,2045,HWM3,System.Collections.Generic.HashSet`1[STNDB.file]
40.6751173,-74.2171023,40.6751173,-74.2171023,2021 Tropical Cyclone Ida,Debris,Poor: +/- 0.40 ft,NAVD88,Level Gun,Sally Carullo,Stake,Phone/Car GPS,NAD83,Michal Niemoczynski,Michal Niemoczynski,NJUNI31719,"Union Ave in Elizabeth, NJ",NJ,Union County,No,40.6751418,-74.2172508,41518,Elizabeth River,31719,312,2,4,Debris line past fence in school yard,9/18/2021 4:00,21.1,2,2,N/A,23977,7,0,3,,Riverine,9/13/2021 4:00,0,2,510,510,HWM1,System.Collections.Generic.HashSet`1[STNDB.file]
40.6749231,-74.217018,40.6749231,-74.217018,2021 Tropical Cyclone Ida,Debris,Poor: +/- 0.40 ft,NAVD88,Level Gun,Sally Carullo,Stake,Phone/Car GPS,NAD83,Michal Niemoczynski,Michal Niemoczynski,NJUNI31719,"Union Ave in Elizabeth, NJ",NJ,Union County,No,40.6751418,-74.2172508,41519,Elizabeth River,31719,312,2,4,Debris line between corner of fence north of school main entrance,9/18/2021 4:00,21.9,2,2,N/A,23978,7,0,3,,Riverine,9/13/2021 4:00,0,2,510,510,HWM2,System.Collections.Generic.HashSet`1[STNDB.file]
40.674903,-74.218284,40.674903,-74.218284,2021 Tropical Cyclone Ida,Debris,Fair: +/- 0.20 ft,NAVD88,Level Gun,Sally Carullo,Tape,Phone/Car GPS,NAD83,Michal Niemoczynski,Michal Niemoczynski,NJUNI31719,"Union Ave in Elizabeth, NJ",NJ,Union County,No,40.6751418,-74.2172508,41520,Elizabeth River,31719,312,2,3,Debris line along fence at driveway at on Parker Rd.,9/18/2021 4:00,23,2,2,N/A,23979,2,1.2,3,,Riverine,9/13/2021 4:00,0,2,510,510,HWM4,System.Collections.Generic.HashSet`1[STNDB.file]
40.549627,-74.585476,40.549627,-74.585476,2021 Tropical Cyclone Ida,Other (Note in Description box),Poor: +/- 0.40 ft,NAVD88,Level Gun,Sally Carullo,Stake,Phone/Car GPS,NAD83,Jaclynne Polcino,Jaclynne Polcino,NJSOM31740,"Marketplace at Manville shopping center in Manville, NJ",NJ,Somerset County,No,40.549337,-74.585583,41521,Raritan River,31740,312,9,4,Cut line in mulch by shopping center signage at end of move theater parking lot,9/20/2021 4:00,47.2,2,2,N/A,23989,7,0,3,,Riverine,9/15/2021 4:00,0,2,2045,2045,HWM1,System.Collections.Generic.HashSet`1[STNDB.file]
40.548941,-74.58582,40.548941,-74.58582,2021 Tropical Cyclone Ida,Debris,Fair: +/- 0.20 ft,NAVD88,Level Gun,Sally Carullo,Stake,Phone/Car GPS,NAD83,Jaclynne Polcino,Jaclynne Polcino,NJSOM31740,"Marketplace at Manville shopping center in Manville, NJ",NJ,Somerset County,No,40.549337,-74.585583,41522,Raritan River,31740,312,2,3,Light woody grassy debris line in mulch at shopping center entrance on McDonalds side,9/20/2021 4:00,46.5,2,2,N/A,23990,7,0,3,,Riverine,9/15/2021 4:00,0,2,2045,2045,HWM2,System.Collections.Generic.HashSet`1[STNDB.file]
40.549187,-74.586376,40.549187,-74.586376,2021 Tropical Cyclone Ida,Mud,Good: +/- 0.10 ft,NAVD88,Level Gun,Sally Carullo,Not marked,Phone/Car GPS,NAD83,Jaclynne Polcino,Jaclynne Polcino,NJSOM31740,"Marketplace at Manville shopping center in Manville, NJ",NJ,Somerset County,No,40.549337,-74.585583,41523,Raritan River,31740,312,1,2,Clear mud line on glass door of Crossroad Motors building.,9/20/2021 4:00,49.2,2,2,N/A,23991,8,3.6,3,,Riverine,9/15/2021 4:00,0,2,2045,2045,HWM3,System.Collections.Generic.HashSet`1[STNDB.file]
40.674702,-74.214701,40.674702,-74.214701,2021 Tropical Cyclone Ida,Seed line,Good: +/- 0.10 ft,NAVD88,Level Gun,Sally Carullo,Tape,Phone/Car GPS,NAD83,Michal Niemoczynski,Michal Niemoczynski,NJUNI31739,"Westminster Ave in Elizabeth, NJ",NJ,Union County,No,40.674927,-74.214783,41524,Elizabeth River,31739,312,5,2,"Seed line in fence with vinyl slats ~50 ft east of Westminster Ave, facing apartment building",9/18/2021 4:00,24,2,2,N/A,23984,2,1.9,3,,Riverine,9/13/2021 4:00,0,2,510,510,HWM1,System.Collections.Generic.HashSet`1[STNDB.file]
40.675364,-74.215079,40.675364,-74.215079,2021 Tropical Cyclone Ida,Mud,Good: +/- 0.10 ft,NAVD88,Level Gun,Sally Carullo,Other (Note in Description box),Phone/Car GPS,NAD83,Michal Niemoczynski,Michal Niemoczynski,NJUNI31739,"Westminster Ave in Elizabeth, NJ",NJ,Union County,No,40.674927,-74.214783,41525,Elizabeth River,31739,312,1,2,Silt line on window of corner store on Westminster Ave,9/18/2021 4:00,23.8,2,2,N/A,23985,9,2.5,3,,Riverine,9/13/2021 4:00,0,2,510,510,HWM2,System.Collections.Generic.HashSet`1[STNDB.file]
40.542854,-74.589487,40.542854,-74.589487,2021 Tropical Cyclone Ida,Seed line,Good: +/- 0.10 ft,NAVD88,Level Gun,Sally Carullo,Not marked,Phone/Car GPS,NAD83,Jaclynne Polcino,Jaclynne Polcino,NJSOM31741,"Dakota Street and Third Avenue in Manville, NJ",NJ,Somerset County,No,40.542768,-74.589377,41526,Raritan River,31741,312,5,2,"Seed line in glass window, main entrance of firehouse.",9/19/2021 4:00,44.5,2,2,N/A,23992,8,3.8,3,,Riverine,9/15/2021 4:00,0,2,2045,2045,HWM1,System.Collections.Generic.HashSet`1[STNDB.file]
40.542756,-74.588981,40.542756,-74.588981,2021 Tropical Cyclone Ida,Seed line,Good: +/- 0.10 ft,NAVD88,Level Gun,Sally Carullo,Not marked,Phone/Car GPS,NAD83,Jaclynne Polcino,Jaclynne Polcino,NJSOM31741,"Dakota Street and Third Avenue in Manville, NJ",NJ,Somerset County,No,40.542768,-74.589377,41527,Raritan River,31741,312,5,2,Seed line on garage entrance on house on Dakota Street,9/19/2021 4:00,44.5,2,2,N/A,23993,8,2,3,,Riverine,9/15/2021 4:00,0,2,2045,2045,HWM2,System.Collections.Generic.HashSet`1[STNDB.file]
40.411101,-74.9861513,40.411101,-74.9861513,2021 Tropical Cyclone Ida,Debris,Fair: +/- 0.20 ft,NAVD88,Level Gun,Sally Carullo,Stake,Phone/Car GPS,NAD83,Jerilyn Collenburg,Jerilyn Collenburg,NJHUN31746,"Route 29 bridge in Stockton, NJ",NJ,Hunterdon County,No,40.411567,-74.986383,41528,Wickecheoke Creek,31746,312,2,3,"Debris line on east side of Route 29, next to mail box for house.",9/24/2021 4:00,87.4,2,2,N/A,24002,7,0,3,,Riverine,9/15/2021 4:00,0,2,893,893,HWM 1,System.Collections.Generic.HashSet`1[STNDB.file]
40.542779,-74.588841,40.542779,-74.588841,2021 Tropical Cyclone Ida,Mud,Fair: +/- 0.20 ft,NAVD88,Level Gun,Sally Carullo,Not marked,Phone/Car GPS,NAD83,Jaclynne Polcino,Jaclynne Polcino,NJSOM31741,"Dakota Street and Third Avenue in Manville, NJ",NJ,Somerset County,No,40.542768,-74.589377,41529,Raritan River,31741,312,1,3,"Faint silt line on basement window on house on Dakota Street, across the driveway from HWM2",9/19/2021 4:00,44.5,2,2,N/A,23994,8,1.3,3,,Riverine,9/15/2021 4:00,0,2,2045,2045,HWM3,System.Collections.Generic.HashSet`1[STNDB.file]
40.411327,-74.888111,40.411327,-74.888111,2021 Tropical Cyclone Ida,Debris,Fair: +/- 0.20 ft,NAVD88,Level Gun,Sally Carullo,Stake,Phone/Car GPS,NAD83,Jerilyn Collenburg,Jerilyn Collenburg,NJHUN31746,"Route 29 bridge in Stockton, NJ",NJ,Hunterdon County,No,40.411567,-74.986383,41530,Wickecheoke Creek,31746,312,2,3,"Debris line on east side of Route 29, 6 feet south of HWM1.",9/24/2021 4:00,87.5,2,2,N/A,24003,7,0,3,,Riverine,9/15/2021 4:00,0,2,893,893,HWM 2,System.Collections.Generic.HashSet`1[STNDB.file]
40.5396205,-74.5910767,40.5396205,-74.5910767,2021 Tropical Cyclone Ida,Mud,Fair: +/- 0.20 ft,NAVD88,Level Gun,Sally Carullo,Marker,Phone/Car GPS,NAD83,Jaclynne Polcino,Jaclynne Polcino,NJSOM31744,"South 6th Avenue in Manville, NJ",NJ,Somerset County,No,40.539489,-74.5908775,41531,Royce Brook,31744,312,1,3,"Mud line on fence in back of parking lot on right side of South 6th Ave, across street from rear end of liquor store.",9/19/2021 4:00,44.5,2,2,N/A,23986,4,0.8,3,,Riverine,9/15/2021 4:00,0,2,2045,2045,HWM1,System.Collections.Generic.HashSet`1[STNDB.file]
40.4022088,-74.8867678,40.4022088,-74.8867678,2021 Tropical Cyclone Ida,Debris,Poor: +/- 0.40 ft,NAVD88,Level Gun,Sally Carullo,Nail and HWM tag,Phone/Car GPS,NAD83,Jerilyn Collenburg,Jerilyn Collenburg,NJHUN31746,"Route 29 bridge in Stockton, NJ",NJ,Hunterdon County,No,40.411567,-74.986383,41532,Wickecheoke Creek,31746,312,2,4,Debris line on ash tree 30 feet north of Route 29 and 519 intersection.,9/24/2021 4:00,89.8,2,2,N/A,24004,6,,3,,Riverine,9/15/2021 4:00,0,2,893,893,HWM 3,System.Collections.Generic.HashSet`1[STNDB.file]
40.539036,-74.5910026,40.539036,-74.5910026,2021 Tropical Cyclone Ida,Seed line,Fair: +/- 0.20 ft,NAVD88,Level Gun,Sally Carullo,Marker,Phone/Car GPS,NAD83,Jaclynne Polcino,Jaclynne Polcino,NJSOM31744,"South 6th Avenue in Manville, NJ",NJ,Somerset County,No,40.539489,-74.5908775,41533,Royce Brook,31744,312,5,3,"Seed line on south side of house on South 6th Avenue, marked with ink marker by homeowner, confirmed by existing seed line still on foundation",9/19/2021 4:00,44.5,2,2,N/A,23987,4,1,3,,Riverine,9/15/2021 4:00,0,2,2045,2045,HWM2,System.Collections.Generic.HashSet`1[STNDB.file]
40.5394404,-74.590624,40.5394404,-74.590624,2021 Tropical Cyclone Ida,Other (Note in Description box),Poor: +/- 0.40 ft,NAVD88,Level Gun,Sally Carullo,Stake,Phone/Car GPS,NAD83,Jaclynne Polcino,Jaclynne Polcino,NJSOM31744,"South 6th Avenue in Manville, NJ",NJ,Somerset County,No,40.539489,-74.5908775,41534,Royce Brook,31744,312,9,4,Wash line in garden of house on South 6th Avenue.,9/19/2021 4:00,44.7,2,2,N/A,23988,7,0,3,,Riverine,9/15/2021 4:00,0,2,2045,2045,HWM3,System.Collections.Generic.HashSet`1[STNDB.file]
40.377231,-74.948037,40.377231,-74.948037,2021 Tropical Cyclone Ida,Seed line,Fair: +/- 0.20 ft,NAVD88,Level Gun,Sally Carullo,Marker,Phone/Car GPS,NAD83,Jaclynne Polcino,Jaclynne Polcino,NJHUN31745,"Cherry Street near Lambertville, NJ",NJ,Hunterdon County,No,40.377046,-74.947826,41535,Alexauken Creek,31745,312,5,3,Seed line on fence on west side of Cherry Street,9/24/2021 4:00,74.4,2,2,N/A,24006,4,5.4,3,,Riverine,9/15/2021 4:00,0,2,2045,2045,HWM 1,System.Collections.Generic.HashSet`1[STNDB.file]
40.377583,-74.948162,40.377583,-74.948162,2021 Tropical Cyclone Ida,Seed line,Good: +/- 0.10 ft,NAVD88,Level Gun,Sally Carullo,Tape,Phone/Car GPS,NAD83,Jerilyn Collenburg,Jerilyn Collenburg,NJHUN31745,"Cherry Street near Lambertville, NJ",NJ,Hunterdon County,No,40.377046,-74.947826,41537,Alexauken Creek,31745,312,5,2,Seed line on south side of American Legion building on Cherry Street,9/24/2021 4:00,74.5,2,2,N/A,24005,2,8.4,3,,Riverine,9/15/2021 4:00,0,2,893,893,HWM 2,System.Collections.Generic.HashSet`1[STNDB.file]
40.36779,-74.942537,40.36779,-74.942537,2021 Tropical Cyclone Ida,Seed line,Fair: +/- 0.20 ft,NAVD88,Level Gun,Sally Carullo,Marker,Phone/Car GPS,NAD83,Sally Carullo,Sally Carullo,NJHUN31722,"North Franklin Street and Coryell Street in Lambertville, NJ",NJ,Hunterdon County,No,40.367877,-74.941911,41540,Swan Creek,31722,312,5,3,Seed line on wall leading to yard on Coryell Street,9/24/2021 4:00,77.8,2,2,N/A,23999,4,1.2,3,,Riverine,9/13/2021 4:00,0,2,1973,1973,HWM 1,System.Collections.Generic.HashSet`1[STNDB.file]
40.367846,-74.942677,40.367846,-74.942677,2021 Tropical Cyclone Ida,Seed line,Fair: +/- 0.20 ft,NAVD88,Level Gun,Sally Carullo,Marker,Phone/Car GPS,NAD83,Sally Carullo,Sally Carullo,NJHUN31722,"North Franklin Street and Coryell Street in Lambertville, NJ",NJ,Hunterdon County,No,40.367877,-74.941911,41542,Swan Creek,31722,312,5,3,Seed line on side of porch on Coryell Street,9/24/2021 4:00,77.6,2,2,N/A,24000,4,2.3,3,,Riverine,9/13/2021 4:00,0,2,1973,1973,HWM 2,System.Collections.Generic.HashSet`1[STNDB.file]
40.5381957,-74.5905818,40.5381957,-74.5905818,2021 Tropical Cyclone Ida,Seed line,Fair: +/- 0.20 ft,NAVD88,Level Gun,Sally Carullo,Not marked,Phone/Car GPS,NAD83,Jaclynne Polcino,Jaclynne Polcino,NJSOM31743,"South 6th Avenue and Roosevelt Avenue in Manville, NJ",NJ,Somerset County,No,40.5380527,-74.5902831,41543,Royce Brook,31743,312,5,3,"Seed line on north side of Holy Ghost Church, on middle gutter vertical drain, in between 2nd and 3rd window (from front)",9/19/2021 4:00,44.4,2,2,N/A,24008,8,5.8,3,,Riverine,9/15/2021 4:00,0,2,2045,2045,HWM1,System.Collections.Generic.HashSet`1[STNDB.file]
40.367887,-74.942827,40.367887,-74.942827,2021 Tropical Cyclone Ida,Seed line,Fair: +/- 0.20 ft,NAVD88,Level Gun,Sally Carullo,Nail and HWM tag,Phone/Car GPS,NAD83,Jerilyn Collenburg,Jerilyn Collenburg,NJHUN31722,"North Franklin Street and Coryell Street in Lambertville, NJ",NJ,Hunterdon County,No,40.367877,-74.941911,41545,Swan Creek,31722,312,5,3,Seed line on telephone pole bt107lf on Coryell Street,9/24/2021 4:00,77.9,2,2,N/A,24001,6,1.2,3,,Riverine,9/13/2021 4:00,0,2,893,893,HWM 3,System.Collections.Generic.HashSet`1[STNDB.file]
40.5382866,-74.5909422,40.5382866,-74.5909422,2021 Tropical Cyclone Ida,Seed line,Fair: +/- 0.20 ft,NAVD88,Level Gun,Sally Carullo,Not marked,Phone/Car GPS,NAD83,Jaclynne Polcino,Jaclynne Polcino,NJSOM31743,"South 6th Avenue and Roosevelt Avenue in Manville, NJ",NJ,Somerset County,No,40.5380527,-74.5902831,41547,Royce Brook,31743,312,5,3,Seed line on side door of home on 7th Street and Roosevelt Avenue,9/19/2021 4:00,44.4,2,2,N/A,24007,8,2.4,3,,Riverine,9/15/2021 4:00,0,2,2045,2045,HWM2,System.Collections.Generic.HashSet`1[STNDB.file]
40.5774742,-74.6170183,40.5774742,-74.6170183,2021 Tropical Cyclone Ida,Debris,Good: +/- 0.10 ft,NAVD88,Level Gun,Sally Carullo,Stake,Phone/Car GPS,NAD83,Michal Niemoczynski,Michal Niemoczynski,NJSOM31435,"Brookside Ave in Somerville, NJ",NJ,Somerset County,No,40.5774209,-74.6169409,41548,Peters Brook,31435,312,2,2,"Debris in grass, approximately 15 ft from corner of bankward east side of building.",9/15/2021 4:00,58.4,2,2,N/A,24011,7,0,3,,Riverine,9/9/2021 4:00,0,2,510,510,HWM1,System.Collections.Generic.HashSet`1[STNDB.file]
40.5769661,-74.6163132,40.5769661,-74.6163132,2021 Tropical Cyclone Ida,Debris,Good: +/- 0.10 ft,NAVD88,Level Gun,Sally Carullo,Stake,Phone/Car GPS,NAD83,Michal Niemoczynski,Michal Niemoczynski,NJSOM31435,"Brookside Ave in Somerville, NJ",NJ,Somerset County,No,40.5774209,-74.6169409,41549,Peters Brook,31435,312,2,2,"Debris line at entrance area to building on Brookside Ave, to right side of stairs.",9/15/2021 4:00,58.3,2,2,N/A,24010,7,0,3,,Riverine,9/9/2021 4:00,0,2,510,510,HWM2,System.Collections.Generic.HashSet`1[STNDB.file]
40.5769091,-74.616271,40.5769091,-74.616271,2021 Tropical Cyclone Ida,Seed line,Good: +/- 0.10 ft,NAVD88,Level Gun,Sally Carullo,Marker,Phone/Car GPS,NAD83,Michal Niemoczynski,Michal Niemoczynski,NJSOM31435,"Brookside Ave in Somerville, NJ",NJ,Somerset County,No,40.5774209,-74.6169409,41550,Peters Brook,31435,312,5,2,Seed line on foundation of building off of Brookside Avenue.,9/15/2021 4:00,58.3,2,2,N/A,24009,4,0.8,3,,Riverine,9/9/2021 4:00,0,2,510,510,HWM3,System.Collections.Generic.HashSet`1[STNDB.file]
40.53877,-74.583674,40.53877,-74.583674,2021 Tropical Cyclone Ida,Seed line,Good: +/- 0.10 ft,NAVD88,Level Gun,Sally Carullo,Not marked,Phone/Car GPS,NAD83,Jaclynne Polcino,Jaclynne Polcino,NJSOM31742,"Huff Avenue in Manville, NJ",NJ,Somerset County,No,40.538383,-74.584264,41551,Royce Brook,31742,312,5,2,"Seed line on house siding on Huff Avenue, confirmed by owner",9/19/2021 4:00,44.5,2,2,N/A,24027,8,2.6,3,,Riverine,9/15/2021 4:00,0,2,2045,2045,HWM1,System.Collections.Generic.HashSet`1[STNDB.file]
40.365423,-74.942547,40.365423,-74.942547,2021 Tropical Cyclone Ida,Debris,Fair: +/- 0.20 ft,NAVD88,Level Gun,Sally Carullo,Stake,Phone/Car GPS,NAD83,Jerilyn Collenburg,Jerilyn Collenburg,NJHUN31721,"South Main Street in Lambertville, NJ",NJ,Hunterdon County,No,40.365568,-74.942418,41552,Swan Creek,31721,312,2,3,Debris line on corner of house foundation,9/24/2021 4:00,72.4,2,2,N/A,23996,7,2.1,3,,Riverine,9/13/2021 4:00,0,2,893,893,HWM 1,System.Collections.Generic.HashSet`1[STNDB.file]
40.365379,-74.942611,40.365379,-74.942611,2021 Tropical Cyclone Ida,Mud,Good: +/- 0.10 ft,NAVD88,Level Gun,Sally Carullo,Marker,Phone/Car GPS,NAD83,Jerilyn Collenburg,Jerilyn Collenburg,NJHUN31721,"South Main Street in Lambertville, NJ",NJ,Hunterdon County,No,40.365568,-74.942418,41554,Swan Creek,31721,312,1,2,Mud line on screen door on South Main Street,9/24/2021 4:00,72.5,2,2,N/A,23997,4,2,3,,Riverine,9/13/2021 4:00,0,2,893,893,HWM 2,System.Collections.Generic.HashSet`1[STNDB.file]
40.538,-74.584385,40.538,-74.584385,2021 Tropical Cyclone Ida,Seed line,Fair: +/- 0.20 ft,NAVD88,Level Gun,Sally Carullo,Not marked,Phone/Car GPS,NAD83,Jaclynne Polcino,Jaclynne Polcino,NJSOM31742,"Huff Avenue in Manville, NJ",NJ,Somerset County,No,40.538383,-74.584264,41555,Royce Brook,31742,312,5,3,"Seed line on Huff Avenue, west side of house, concrete foundation, confirmed by owner",9/19/2021 4:00,44.6,2,2,N/A,24028,8,0.7,3,,Riverine,9/15/2021 4:00,0,2,2045,2045,HWM2,System.Collections.Generic.HashSet`1[STNDB.file]
40.365527,-74.942705,40.365527,-74.942705,2021 Tropical Cyclone Ida,Mud,Fair: +/- 0.20 ft,NAVD88,Level Gun,Sally Carullo,Marker,Phone/Car GPS,NAD83,Jerilyn Collenburg,Jerilyn Collenburg,NJHUN31721,"South Main Street in Lambertville, NJ",NJ,Hunterdon County,No,40.365568,-74.942418,41556,Swan Creek,31721,312,1,3,"Mud line on top of step at South Main Street, confirmed with owner",9/24/2021 4:00,72.1,2,2,N/A,23998,4,1.8,3,,Riverine,9/13/2021 4:00,0,2,893,893,HWM 3,System.Collections.Generic.HashSet`1[STNDB.file]
40.542482,-74.5787127,40.542482,-74.5787127,2021 Tropical Cyclone Ida,Seed line,Good: +/- 0.10 ft,NAVD88,Level Gun,Sally Carullo,Not marked,Phone/Car GPS,NAD83,Jaclynne Polcino,Jaclynne Polcino,NJSOM31754,"Boesel Avenue and Pulaski Street in Manville, NJ",NJ,Somerset County,No,40.5421595,-74.5787999,41557,Millstone River,31754,312,5,2,Seed line on left side of right garage door jamb,9/20/2021 4:00,44.2,2,2,N/A,24032,8,3.7,3,,Riverine,9/16/2021 4:00,0,2,2045,2045,HWM1,System.Collections.Generic.HashSet`1[STNDB.file]
40.5426209,-74.5779218,40.5426209,-74.5779218,2021 Tropical Cyclone Ida,Seed line,Fair: +/- 0.20 ft,NAVD88,Level Gun,Sally Carullo,Not marked,Phone/Car GPS,NAD83,Jaclynne Polcino,Jaclynne Polcino,NJSOM31754,"Boesel Avenue and Pulaski Street in Manville, NJ",NJ,Somerset County,No,40.5421595,-74.5787999,41558,Millstone River,31754,312,5,3,Seed line on front glass door of house on Boesel Avenue. Confirmed by owner.,9/20/2021 4:00,44.6,2,2,N/A,24033,8,1.9,3,,Riverine,9/16/2021 4:00,0,2,2045,2045,HWM2,System.Collections.Generic.HashSet`1[STNDB.file]
40.5439983,-74.5750548,40.5439983,-74.5750548,2021 Tropical Cyclone Ida,Mud,Good: +/- 0.10 ft,NAVD88,Level Gun,Sally Carullo,Not marked,Phone/Car GPS,NAD83,Jaclynne Polcino,Jaclynne Polcino,NJSOM31753,"Liberty Street in Manville, NJ",NJ,Somerset County,No,40.5435414,-74.5756613,41559,Millstone River,31753,312,1,2,Mud line on siding of house on Huff Avenue,9/19/2021 4:00,44.6,2,2,N/A,24029,8,2.2,3,,Riverine,9/16/2021 4:00,0,2,2045,2045,HWM1,System.Collections.Generic.HashSet`1[STNDB.file]
40.536543,-74.589907,40.536543,-74.589907,2021 Tropical Cyclone Ida,Mud,Fair: +/- 0.20 ft,NAVD88,Level Gun,Sally Carullo,Tape,Phone/Car GPS,NAD83,Jerilyn Collenburg,Jerilyn Collenburg,NJSOM31759,"429 South Main Street in Manville, NJ",NJ,Somerset County,No,40.536339,-74.589715,41560,Royce Brook,31759,312,1,3,Mud line on window of house on Main Street,9/20/2021 4:00,44.6,2,2,N/A,24017,2,7,3,,Riverine,9/17/2021 4:00,0,2,893,893,HWM 1,System.Collections.Generic.HashSet`1[STNDB.file]
40.5432976,-74.5759919,40.5432976,-74.5759919,2021 Tropical Cyclone Ida,Seed line,Good: +/- 0.10 ft,NAVD88,Level Gun,Sally Carullo,Not marked,Phone/Car GPS,NAD83,Jaclynne Polcino,Jaclynne Polcino,NJSOM31753,"Liberty Street in Manville, NJ",NJ,Somerset County,No,40.5435414,-74.5756613,41562,Millstone River,31753,312,5,2,"Seed line on east side of house on Boesel Avenue, on foundation and air conditioner. Confirmed by owner.",9/19/2021 4:00,44.4,2,2,N/A,24030,8,1.8,3,,Riverine,9/16/2021 4:00,0,2,2045,2045,HWM2,System.Collections.Generic.HashSet`1[STNDB.file]
40.536159,-74.590331,40.536159,-74.590331,2021 Tropical Cyclone Ida,Seed line,Poor: +/- 0.40 ft,NAVD88,Level Gun,Sally Carullo,Tape,Phone/Car GPS,NAD83,Jerilyn Collenburg,Jerilyn Collenburg,NJSOM31759,"429 South Main Street in Manville, NJ",NJ,Somerset County,No,40.536339,-74.589715,41563,Royce Brook,31759,312,5,4,Seed line on car wash building adjacent to South Main Street,9/20/2021 4:00,44.6,2,2,N/A,24018,2,7.2,3,,Riverine,9/17/2021 4:00,0,2,893,893,HWM 2,System.Collections.Generic.HashSet`1[STNDB.file]
40.5429445,-74.5761576,40.5429445,-74.5761576,2021 Tropical Cyclone Ida,Seed line,Good: +/- 0.10 ft,NAVD88,Level Gun,Sally Carullo,Not marked,Phone/Car GPS,NAD83,Jaclynne Polcino,Jaclynne Polcino,NJSOM31753,"Liberty Street in Manville, NJ",NJ,Somerset County,No,40.5435414,-74.5756613,41564,Millstone River,31753,312,5,2,Seed line on front of house siding on Boesel Avenue,9/19/2021 4:00,44.4,2,2,N/A,24031,8,2,3,,Riverine,9/16/2021 4:00,0,2,2045,2045,HWM3,System.Collections.Generic.HashSet`1[STNDB.file]
40.5714985,-74.6084614,40.5714985,-74.6084614,2021 Tropical Cyclone Ida,Mud,Fair: +/- 0.20 ft,NAVD88,Level Gun,Sally Carullo,Stake,Phone/Car GPS,NAD83,Michal Niemoczynski,Michal Niemoczynski,NJSOM31436,"Northwest corner of Grove and Cliff Street in Somerville, NJ",NJ,Somerset County,No,40.5711537,-74.6088936,41565,Peters Brook,31436,312,1,3,Mud line in lattice deck covering,9/15/2021 4:00,51,2,2,N/A,24012,7,0.3,3,,Riverine,9/9/2021 4:00,0,2,510,510,HWM2,System.Collections.Generic.HashSet`1[STNDB.file]
40.5721339,-74.6086887,40.5721339,-74.6086887,2021 Tropical Cyclone Ida,Seed line,Fair: +/- 0.20 ft,NAVD88,Level Gun,Sally Carullo,Stake,Phone/Car GPS,NAD83,Michal Niemoczynski,Michal Niemoczynski,NJSOM31436,"Northwest corner of Grove and Cliff Street in Somerville, NJ",NJ,Somerset County,No,40.5711537,-74.6088936,41566,Peters Brook,31436,312,5,3,Seed line on foundation of house on NW corner of Grove St. and Summit St.,9/15/2021 4:00,51.6,2,2,N/A,24013,7,0.1,3,,Riverine,9/9/2021 4:00,0,2,510,510,HWM3,System.Collections.Generic.HashSet`1[STNDB.file]
40.5759824,-74.6043479,40.5759824,-74.6043479,2021 Tropical Cyclone Ida,Other (Note in Description box),VP: > 0.40 ft,NAVD88,Level Gun,Sally Carullo,Stake,Phone/Car GPS,NAD83,Michal Niemoczynski,Michal Niemoczynski,NJSOM31437,"Sycamore Street and Cadillac Street in Somerville, NJ",NJ,Somerset County,No,40.5763593,-74.6044854,41567,Ross Brook,31437,312,9,5,"Washline in yard, difficult to differentiate runoff from HWMs, conferred with property owner for maximum water elevation",9/15/2021 4:00,56.4,2,2,N/A,24014,7,0,3,,Riverine,9/9/2021 4:00,0,2,510,510,HWM1,System.Collections.Generic.HashSet`1[STNDB.file]
40.5750407,-74.6038222,40.5750407,-74.6038222,2021 Tropical Cyclone Ida,Debris,Fair: +/- 0.20 ft,NAVD88,Level Gun,Sally Carullo,Stake,Phone/Car GPS,NAD83,Michal Niemoczynski,Michal Niemoczynski,NJSOM31437,"Sycamore Street and Cadillac Street in Somerville, NJ",NJ,Somerset County,No,40.5763593,-74.6044854,41568,Ross Brook,31437,312,2,3,Debris line in left side of yard of  Demond Place,9/15/2021 4:00,56.5,2,2,N/A,24015,7,0,3,,Riverine,9/9/2021 4:00,0,2,510,510,HWM2,System.Collections.Generic.HashSet`1[STNDB.file]
40.5436428,-74.5811374,40.5436428,-74.5811374,2021 Tropical Cyclone Ida,Mud,Good: +/- 0.10 ft,NAVD88,Level Gun,Sally Carullo,Stake,Phone/Car GPS,NAD83,Jaclynne Polcino,Jaclynne Polcino,NJSOM31755,"East Camplain Road in Manville, NJ",NJ,Somerset County,No,40.5439542,-74.5812273,41569,Millstone River,31755,312,1,2,Mud line on vinyl fence between houses on East Camplain Road,9/20/2021 4:00,41,2,2,N/A,24035,7,0.7,3,,Riverine,9/16/2021 4:00,0,2,2045,2045,HWM1,System.Collections.Generic.HashSet`1[STNDB.file]
40.5748874,-74.6047935,40.5748874,-74.6047935,2021 Tropical Cyclone Ida,Debris,Good: +/- 0.10 ft,NAVD88,Level Gun,Sally Carullo,Stake,Phone/Car GPS,NAD83,Michal Niemoczynski,Michal Niemoczynski,NJSOM31437,"Sycamore Street and Cadillac Street in Somerville, NJ",NJ,Somerset County,No,40.5763593,-74.6044854,41570,Ross Brook,31437,312,2,2,Debris line on yard at right edge of yard on Sycamore St.,9/15/2021 4:00,56.2,2,2,N/A,24016,7,0,3,,Riverine,9/9/2021 4:00,0,2,510,510,HWM3,System.Collections.Generic.HashSet`1[STNDB.file]
40.5437881,-74.5809339,40.5437881,-74.5809339,2021 Tropical Cyclone Ida,Seed line,Good: +/- 0.10 ft,NAVD88,Level Gun,Sally Carullo,Stake,Phone/Car GPS,NAD83,Jaclynne Polcino,Jaclynne Polcino,NJSOM31755,"East Camplain Road in Manville, NJ",NJ,Somerset County,No,40.5439542,-74.5812273,41571,Millstone River,31755,312,5,2,Seed line on fence one house down from HWM1,9/20/2021 4:00,41,2,2,N/A,24034,7,1.2,3,,Riverine,9/16/2021 4:00,0,2,2045,2045,HWM2,System.Collections.Generic.HashSet`1[STNDB.file]
40.5500454,-74.5948264,40.5500454,-74.5948264,2021 Tropical Cyclone Ida,Mud,Fair: +/- 0.20 ft,NAVD88,Level Gun,Sally Carullo,Not marked,Phone/Car GPS,NAD83,Jaclynne Polcino,Jaclynne Polcino,NJSOM31756,"North 10th Avenue and St. John Street in Manville, NJ",NJ,Somerset County,No,40.5501807,-74.5949847,41572,Raritan River,31756,312,1,3,Mud line on garage door of condemned house on North 10th Avenue,9/20/2021 4:00,49,2,2,N/A,24036,8,0.4,3,,Riverine,9/16/2021 4:00,0,2,2045,2045,HWM1,System.Collections.Generic.HashSet`1[STNDB.file]
40.550022,-74.595333,40.550022,-74.595333,2021 Tropical Cyclone Ida,Mud,Fair: +/- 0.20 ft,NAVD88,Level Gun,Sally Carullo,Not marked,Phone/Car GPS,NAD83,Jaclynne Polcino,Jaclynne Polcino,NJSOM31756,"North 10th Avenue and St. John Street in Manville, NJ",NJ,Somerset County,No,40.5501807,-74.5949847,41573,Raritan River,31756,312,1,3,Mud line on white vinyl fence on house at North 10th Avenue at end of driveway. Across street from HWM1.,9/20/2021 4:00,49.6,2,2,N/A,24037,8,1.1,3,,Riverine,9/16/2021 4:00,0,2,2045,2045,HWM2,System.Collections.Generic.HashSet`1[STNDB.file]
40.551974,-74.609347,40.551974,-74.609347,2021 Tropical Cyclone Ida,Seed line,Fair: +/- 0.20 ft,NAVD88,Level Gun,Sally Carullo,Tape,Phone/Car GPS,NAD83,Jerilyn Collenburg,Jerilyn Collenburg,NJSOM31760,"Kimberly Road in Hillsborough, NJ",NJ,Somerset County,No,40.551672,-74.609365,41574,Dukes Brook,31760,312,5,3,Seed line on front door of house on Kimberly Road,9/20/2021 4:00,51.5,2,2,N/A,24038,2,5,3,,Riverine,9/17/2021 4:00,0,2,893,893,HWM 1,System.Collections.Generic.HashSet`1[STNDB.file]
40.551451,-74.608948,40.551451,-74.608948,2021 Tropical Cyclone Ida,Seed line,Fair: +/- 0.20 ft,NAVD88,Level Gun,Sally Carullo,Tape,Phone/Car GPS,NAD83,Jerilyn Collenburg,Jerilyn Collenburg,NJSOM31760,"Kimberly Road in Hillsborough, NJ",NJ,Somerset County,No,40.551672,-74.609365,41575,Dukes Brook,31760,312,5,3,Seed line on house siding,9/20/2021 4:00,51.5,2,2,N/A,24039,2,6,3,,Riverine,9/17/2021 4:00,0,2,893,893,HWM 2,System.Collections.Generic.HashSet`1[STNDB.file]
40.5746304,-74.6143851,40.5746304,-74.6143851,2021 Tropical Cyclone Ida,Debris,Fair: +/- 0.20 ft,NAVD88,Level Gun,Sally Carullo,Stake,Phone/Car GPS,NAD83,Michal Niemoczynski,Michal Niemoczynski,NJSOM31518,"Green Street and Davenport Street in Somerville, NJ",NJ,Somerset County,No,40.5745145,-74.6143988,41576,Peters Brook,31518,312,2,3,Debris line in fence across from RM1 on Green St.,9/15/2021 4:00,56.5,2,2,N/A,24019,7,0.8,3,,Riverine,9/10/2021 4:00,0,2,510,510,HWM1,System.Collections.Generic.HashSet`1[STNDB.file]
40.562236,-74.54451,40.562236,-74.54451,2021 Tropical Cyclone Ida,Debris,Poor: +/- 0.40 ft,NAVD88,Level Gun,Sally Carullo,Stake,Phone/Car GPS,NAD83,Jerilyn Collenburg,Jerilyn Collenburg,NJSOM31527,"West Second Street in Bound Brook, NJ",NJ,Somerset County,No,40.562805,-74.545001,41577,Bound Brook,31527,312,2,4,"Mulch line, two sides of small ridge, front yard on Lamont Ave",9/20/2021 4:00,34.7,2,2,N/A,24025,7,0,3,,Riverine,9/11/2021 4:00,0,2,893,893,HWM 1,System.Collections.Generic.HashSet`1[STNDB.file]
40.5743302,-74.6132166,40.5743302,-74.6132166,2021 Tropical Cyclone Ida,Debris,Fair: +/- 0.20 ft,NAVD88,Level Gun,Sally Carullo,Stake,Phone/Car GPS,NAD83,Michal Niemoczynski,Michal Niemoczynski,NJSOM31518,"Green Street and Davenport Street in Somerville, NJ",NJ,Somerset County,No,40.5745145,-74.6143988,41578,Peters Brook,31518,312,2,3,Debris line in hedge row between two houses on Green Street.,9/15/2021 4:00,54.9,2,2,N/A,24020,7,0.4,3,,Riverine,9/10/2021 4:00,0,2,510,510,HWM2,System.Collections.Generic.HashSet`1[STNDB.file]
40.5746297,-74.6142047,40.5746297,-74.6142047,2021 Tropical Cyclone Ida,Mud,Poor: +/- 0.40 ft,NAVD88,Level Gun,Sally Carullo,Tape,Phone/Car GPS,NAD83,Michal Niemoczynski,Michal Niemoczynski,NJSOM31518,"Green Street and Davenport Street in Somerville, NJ",NJ,Somerset County,No,40.5745145,-74.6143988,41579,Peters Brook,31518,312,1,4,Nail in utility pole no. 60400 SV on NE corner of Green and Davenport Streets,9/15/2021 4:00,56.4,2,2,N/A,24021,2,0.7,3,,Riverine,9/10/2021 4:00,0,2,510,510,HWM3,System.Collections.Generic.HashSet`1[STNDB.file]
40.562021,-74.545566,40.562021,-74.545566,2021 Tropical Cyclone Ida,Debris,Fair: +/- 0.20 ft,NAVD88,Level Gun,Sally Carullo,Stake,Phone/Car GPS,NAD83,Jerilyn Collenburg,Jerilyn Collenburg,NJSOM31527,"West Second Street in Bound Brook, NJ",NJ,Somerset County,No,40.562805,-74.545001,41580,Bound Brook,31527,312,2,3,Not noted,9/20/2021 4:00,35.1,2,2,N/A,24026,7,0,3,,Riverine,9/11/2021 4:00,0,2,893,893,HWM 2,System.Collections.Generic.HashSet`1[STNDB.file]
40.5782819,-74.6046812,40.5782819,-74.6046812,2021 Tropical Cyclone Ida,Debris,Fair: +/- 0.20 ft,NAVD88,Level Gun,Sally Carullo,Stake,Phone/Car GPS,NAD83,Michal Niemoczynski,Michal Niemoczynski,NJSOM31519,"Imperial Drive and Seville Drive in Somerville, NJ",NJ,Somerset County,No,40.5779196,-74.6045632,41581,Ross Brook,31519,312,2,3,"Debris line in yard on Seville Dr, on right side of house.",9/15/2021 4:00,58.8,2,2,N/A,24022,7,0,3,,Riverine,9/10/2021 4:00,0,2,510,510,HWM1,System.Collections.Generic.HashSet`1[STNDB.file]
40.5775773,-74.6048398,40.5775773,-74.6048398,2021 Tropical Cyclone Ida,Debris,Fair: +/- 0.20 ft,NAVD88,Level Gun,Sally Carullo,Stake,Phone/Car GPS,NAD83,Michal Niemoczynski,Michal Niemoczynski,NJSOM31519,"Imperial Drive and Seville Drive in Somerville, NJ",NJ,Somerset County,No,40.5779196,-74.6045632,41582,Ross Brook,31519,312,2,3,Debris line in front yard of house on Seville Drive.,9/15/2021 4:00,58.7,2,2,N/A,24023,7,0,3,,Riverine,9/10/2021 4:00,0,2,510,510,HWM2,System.Collections.Generic.HashSet`1[STNDB.file]
40.577916,-74.6041052,40.577916,-74.6041052,2021 Tropical Cyclone Ida,Other (Note in Description box),Poor: +/- 0.40 ft,NAVD88,Level Gun,Sally Carullo,Other (Note in Description box),Phone/Car GPS,NAD83,Michal Niemoczynski,Michal Niemoczynski,NJSOM31519,"Imperial Drive and Seville Drive in Somerville, NJ",NJ,Somerset County,No,40.5779196,-74.6045632,41583,Ross Brook,31519,312,9,4,Top of first step to house on Imperial Drive.,9/15/2021 4:00,59.1,2,2,N/A,24024,9,0,3,"Homeowner mark, discussed heavily with homeowner about water level during storm, mark roughly confirmed through multiple pictures and video",Riverine,9/10/2021 4:00,0,2,510,510,HWM3,System.Collections.Generic.HashSet`1[STNDB.file]
